"Status","Year","Disability","Region_ITL2","Headcount","FTE","Mean_salary","Median_salary"
"In post","2021","Declared disabled","Bedfordshire and Hertfordshire","510","475","31040","29290"
"In post","2021","Declared disabled","Berkshire, Buckinghamshire and Oxfordshire","1000","945","31740","29290"
"In post","2021","Declared disabled","Cheshire","405","365","29170","27570"
"In post","2021","Declared disabled","Cornwall and Isles of Scilly","210","185","26460","27570"
"In post","2021","Declared disabled","Cumbria","240","215","27770","25790"
"In post","2021","Declared disabled","Derbyshire and Nottinghamshire","1550","1420","29570","27570"
"In post","2021","Declared disabled","Devon","960","855","28680","27570"
"In post","2021","Declared disabled","Dorset and Somerset","590","540","28750","27570"
"In post","2021","Declared disabled","East Anglia","1360","1245","29280","27570"
"In post","2021","Declared disabled","East Wales","1785","1635","31210","27570"
"In post","2021","Declared disabled","East Yorkshire and Northern Lincolnshire","500","445","27030","27130"
"In post","2021","Declared disabled","Eastern Scotland","1920","1785","32610","27570"
"In post","2021","Declared disabled","Essex","710","640","30210","29290"
"In post","2021","Declared disabled","Gloucestershire, Wiltshire and Bath/Bristol area","3000","2815","34510","31810"
"In post","2021","Declared disabled","Greater Manchester","2140","1965","29600","27570"
"In post","2021","Declared disabled","Hampshire and Isle of Wight","1675","1520","30410","27570"
"In post","2021","Declared disabled","Herefordshire, Worcestershire and Warwickshire","440","400","27770","27380"
"In post","2021","Declared disabled","Highlands and Islands","165","155","28210","27570"
"In post","2021","Declared disabled","Inner London - East","1570","1480","37760","31880"
"In post","2021","Declared disabled","Inner London - West","5180","5010","44730","39800"
"In post","2021","Declared disabled","Kent","955","885","29540","29290"
"In post","2021","Declared disabled","Lancashire","1945","1730","27100","27130"
"In post","2021","Declared disabled","Leicestershire, Rutland and Northamptonshire","740","665","26250","24800"
"In post","2021","Declared disabled","Lincolnshire","390","360","28200","27570"
"In post","2021","Declared disabled","Merseyside","2280","2020","27850","25560"
"In post","2021","Declared disabled","North Eastern Scotland","130","125","33610","27570"
"In post","2021","Declared disabled","North Yorkshire","455","425","32500","27570"
"In post","2021","Declared disabled","Northern Ireland","325","300","27380","25560"
"In post","2021","Declared disabled","Northumberland and Tyne and Wear","2325","2035","26830","25560"
"In post","2021","Declared disabled","Outer London - East and North East","490","450","30220","31060"
"In post","2021","Declared disabled","Outer London - South","1080","1000","36060","31170"
"In post","2021","Declared disabled","Outer London - West and North West","880","805","32000","31060"
"In post","2021","Declared disabled","Overseas","225","225","48160","45750"
"In post","2021","Declared disabled","Shropshire and Staffordshire","1060","980","29310","27570"
"In post","2021","Declared disabled","South Yorkshire","1235","1100","30070","27570"
"In post","2021","Declared disabled","Southern Scotland","505","445","28820","26140"
"In post","2021","Declared disabled","Surrey, East and West Sussex","940","850","28990","27570"
"In post","2021","Declared disabled","Tees Valley and Durham","1095","970","27270","27130"
"In post","2021","Declared disabled","Unknown","195","180","31390","27570"
"In post","2021","Declared disabled","West Central Scotland","1740","1555","28390","26160"
"In post","2021","Declared disabled","West Midlands","2100","1895","28930","27570"
"In post","2021","Declared disabled","West Wales and The Valleys","1760","1525","26100","22810"
"In post","2021","Declared disabled","West Yorkshire","1800","1620","30250","27570"
"In post","2021","Declared non-disabled","Bedfordshire and Hertfordshire","3125","2910","32360","29290"
"In post","2021","Declared non-disabled","Berkshire, Buckinghamshire and Oxfordshire","6390","6080","32810","29440"
"In post","2021","Declared non-disabled","Cheshire","2245","2100","30880","27570"
"In post","2021","Declared non-disabled","Cornwall and Isles of Scilly","1180","1075","26500","26670"
"In post","2021","Declared non-disabled","Cumbria","1680","1525","27630","24920"
"In post","2021","Declared non-disabled","Derbyshire and Nottinghamshire","8045","7420","31740","27570"
"In post","2021","Declared non-disabled","Devon","6600","6060","32260","27570"
"In post","2021","Declared non-disabled","Dorset and Somerset","3540","3285","29520","27570"
"In post","2021","Declared non-disabled","East Anglia","8530","7935","29920","27570"
"In post","2021","Declared non-disabled","East Wales","13505","12620","33660","28850"
"In post","2021","Declared non-disabled","East Yorkshire and Northern Lincolnshire","3345","3045","27960","27130"
"In post","2021","Declared non-disabled","Eastern Scotland","10115","9500","35320","29190"
"In post","2021","Declared non-disabled","Essex","3850","3525","30820","29290"
"In post","2021","Declared non-disabled","Gloucestershire, Wiltshire and Bath/Bristol area","20350","19320","36550","33300"
"In post","2021","Declared non-disabled","Greater Manchester","13110","12300","31470","27570"
"In post","2021","Declared non-disabled","Hampshire and Isle of Wight","9775","9075","32620","28650"
"In post","2021","Declared non-disabled","Herefordshire, Worcestershire and Warwickshire","2865","2680","27900","26300"
"In post","2021","Declared non-disabled","Highlands and Islands","1395","1315","28910","27570"
"In post","2021","Declared non-disabled","Inner London - East","11005","10465","42400","36160"
"In post","2021","Declared non-disabled","Inner London - West","39470","38310","47970","43200"
"In post","2021","Declared non-disabled","Kent","5935","5535","29490","28130"
"In post","2021","Declared non-disabled","Lancashire","9795","8905","28690","27570"
"In post","2021","Declared non-disabled","Leicestershire, Rutland and Northamptonshire","4240","3865","27860","26780"
"In post","2021","Declared non-disabled","Lincolnshire","1970","1860","28080","26750"
"In post","2021","Declared non-disabled","Merseyside","13435","12250","28750","25560"
"In post","2021","Declared non-disabled","North Eastern Scotland","1050","990","38600","31060"
"In post","2021","Declared non-disabled","North Yorkshire","3330","3155","34130","29840"
"In post","2021","Declared non-disabled","Northern Ireland","2315","2180","28650","25560"
"In post","2021","Declared non-disabled","Northumberland and Tyne and Wear","13965","12520","28990","25560"
"In post","2021","Declared non-disabled","Outer London - East and North East","2615","2430","30860","31060"
"In post","2021","Declared non-disabled","Outer London - South","7700","7290","37900","33900"
"In post","2021","Declared non-disabled","Outer London - West and North West","6495","6015","32620","31060"
"In post","2021","Declared non-disabled","Overseas","2570","2560","49430","47490"
"In post","2021","Declared non-disabled","Shropshire and Staffordshire","5620","5230","29970","27570"
"In post","2021","Declared non-disabled","South Yorkshire","7275","6615","31540","27570"
"In post","2021","Declared non-disabled","Southern Scotland","3475","3140","30290","27570"
"In post","2021","Declared non-disabled","Surrey, East and West Sussex","5840","5325","30640","27570"
"In post","2021","Declared non-disabled","Tees Valley and Durham","6355","5735","28170","26630"
"In post","2021","Declared non-disabled","Unknown","1015","950","32960","27570"
"In post","2021","Declared non-disabled","West Central Scotland","10930","10075","30500","27570"
"In post","2021","Declared non-disabled","West Midlands","12330","11330","31020","27570"
"In post","2021","Declared non-disabled","West Wales and The Valleys","11475","10395","29310","26780"
"In post","2021","Declared non-disabled","West Yorkshire","11045","10160","31770","27570"
"In post","2021","Undeclared","Bedfordshire and Hertfordshire","255","240","32400","29870"
"In post","2021","Undeclared","Berkshire, Buckinghamshire and Oxfordshire","730","685","33340","33000"
"In post","2021","Undeclared","Cheshire","280","260","30710","31650"
"In post","2021","Undeclared","Cornwall and Isles of Scilly","95","90","27270","26670"
"In post","2021","Undeclared","Cumbria","110","105","29680","26810"
"In post","2021","Undeclared","Derbyshire and Nottinghamshire","790","725","30580","28330"
"In post","2021","Undeclared","Devon","450","415","29360","27570"
"In post","2021","Undeclared","Dorset and Somerset","400","375","30800","29240"
"In post","2021","Undeclared","East Anglia","1115","1035","31010","30980"
"In post","2021","Undeclared","East Wales","975","910","31400","28750"
"In post","2021","Undeclared","East Yorkshire and Northern Lincolnshire","415","385","30460","31650"
"In post","2021","Undeclared","Eastern Scotland","540","505","31760","27570"
"In post","2021","Undeclared","Essex","360","335","31560","29290"
"In post","2021","Undeclared","Gloucestershire, Wiltshire and Bath/Bristol area","1870","1780","37850","36300"
"In post","2021","Undeclared","Greater Manchester","1200","1115","30490","27570"
"In post","2021","Undeclared","Hampshire and Isle of Wight","1185","1110","32810","31650"
"In post","2021","Undeclared","Herefordshire, Worcestershire and Warwickshire","405","380","30000","30880"
"In post","2021","Undeclared","Highlands and Islands","40","40","27750","26800"
"In post","2021","Undeclared","Inner London - East","1005","930","40250","35320"
"In post","2021","Undeclared","Inner London - West","3660","3580","45350","40940"
"In post","2021","Undeclared","Kent","775","715","30430","29290"
"In post","2021","Undeclared","Lancashire","1005","915","28580","27570"
"In post","2021","Undeclared","Leicestershire, Rutland and Northamptonshire","450","415","27940","27570"
"In post","2021","Undeclared","Lincolnshire","260","240","29010","27570"
"In post","2021","Undeclared","Merseyside","865","790","29880","27570"
"In post","2021","Undeclared","North Eastern Scotland","55","55","42700","30360"
"In post","2021","Undeclared","North Yorkshire","325","315","32560","30810"
"In post","2021","Undeclared","Northern Ireland","210","195","28570","26550"
"In post","2021","Undeclared","Northumberland and Tyne and Wear","965","885","29020","26090"
"In post","2021","Undeclared","Outer London - East and North East","300","285","31390","31060"
"In post","2021","Undeclared","Outer London - South","570","540","38230","35030"
"In post","2021","Undeclared","Outer London - West and North West","550","515","34750","31060"
"In post","2021","Undeclared","Overseas","165","165","47110","41800"
"In post","2021","Undeclared","Shropshire and Staffordshire","650","600","29740","27570"
"In post","2021","Undeclared","South Yorkshire","595","555","32060","30200"
"In post","2021","Undeclared","Southern Scotland","160","140","30480","27570"
"In post","2021","Undeclared","Surrey, East and West Sussex","680","630","31270","29290"
"In post","2021","Undeclared","Tees Valley and Durham","800","720","29580","30450"
"In post","2021","Undeclared","Unknown","55","55","31670","27570"
"In post","2021","Undeclared","West Central Scotland","640","590","29480","26670"
"In post","2021","Undeclared","West Midlands","895","830","30530","27570"
"In post","2021","Undeclared","West Wales and The Valleys","955","860","28730","26350"
"In post","2021","Undeclared","West Yorkshire","945","865","30740","28130"
"In post","2021","Unknown","Bedfordshire and Hertfordshire","650","630","34180","30990"
"In post","2021","Unknown","Berkshire, Buckinghamshire and Oxfordshire","1470","1410","33880","30400"
"In post","2021","Unknown","Cheshire","975","960","33280","32770"
"In post","2021","Unknown","Cornwall and Isles of Scilly","160","145","27000","21960"
"In post","2021","Unknown","Cumbria","110","105","32250","29370"
"In post","2021","Unknown","Derbyshire and Nottinghamshire","1910","1820","28990","25560"
"In post","2021","Unknown","Devon","1005","960","28280","24500"
"In post","2021","Unknown","Dorset and Somerset","675","635","30390","26740"
"In post","2021","Unknown","East Anglia","1460","1385","31510","27570"
"In post","2021","Unknown","East Wales","4115","3890","29670","25560"
"In post","2021","Unknown","East Yorkshire and Northern Lincolnshire","445","430","25750","24880"
"In post","2021","Unknown","Eastern Scotland","7260","6860","33540","30160"
"In post","2021","Unknown","Essex","670","630","30800","26760"
"In post","2021","Unknown","Gloucestershire, Wiltshire and Bath/Bristol area","4090","3915","36850","33300"
"In post","2021","Unknown","Greater Manchester","3260","3120","29910","25560"
"In post","2021","Unknown","Hampshire and Isle of Wight","2720","2465","31030","27030"
"In post","2021","Unknown","Herefordshire, Worcestershire and Warwickshire","275","270","26710","24000"
"In post","2021","Unknown","Highlands and Islands","350","320","28750","27570"
"In post","2021","Unknown","Inner London - East","3615","3505","43300","37560"
"In post","2021","Unknown","Inner London - West","12835","12585","45540","40050"
"In post","2021","Unknown","Kent","860","830","30030","27850"
"In post","2021","Unknown","Lancashire","1365","1265","26480","22350"
"In post","2021","Unknown","Leicestershire, Rutland and Northamptonshire","825","770","25860","22850"
"In post","2021","Unknown","Lincolnshire","205","200","27190","23150"
"In post","2021","Unknown","Merseyside","2900","2700","28610","24880"
"In post","2021","Unknown","North Eastern Scotland","625","590","32110","29350"
"In post","2021","Unknown","North Yorkshire","610","580","31280","26670"
"In post","2021","Unknown","Northern Ireland","965","915","26460","22330"
"In post","2021","Unknown","Northumberland and Tyne and Wear","4115","3690","26640","21440"
"In post","2021","Unknown","Outer London - East and North East","375","365","29160","30470"
"In post","2021","Unknown","Outer London - South","1390","1345","36310","32520"
"In post","2021","Unknown","Outer London - West and North West","1130","1080","37260","31060"
"In post","2021","Unknown","Overseas","795","795","52670","51870"
"In post","2021","Unknown","Shropshire and Staffordshire","975","930","29990","25560"
"In post","2021","Unknown","South Yorkshire","830","805","31430","27570"
"In post","2021","Unknown","Southern Scotland","1880","1710","27900","24110"
"In post","2021","Unknown","Surrey, East and West Sussex","845","800","30930","27960"
"In post","2021","Unknown","Tees Valley and Durham","990","945","25470","22350"
"In post","2021","Unknown","Unknown","2465","2460","37220","32700"
"In post","2021","Unknown","West Central Scotland","4605","4335","31980","29350"
"In post","2021","Unknown","West Midlands","2880","2750","31380","27560"
"In post","2021","Unknown","West Wales and The Valleys","1525","1420","26680","22350"
"In post","2021","Unknown","West Yorkshire","3465","3320","31000","25560"
"Leaver CS","2021","Declared disabled","Bedfordshire and Hertfordshire","60","[c]","[c]","[c]"
"Leaver CS","2021","Declared disabled","Berkshire, Buckinghamshire and Oxfordshire","80","[c]","28530","27570"
"Leaver CS","2021","Declared disabled","Cheshire","20","[c]","[c]","[c]"
"Leaver CS","2021","Declared disabled","Cornwall and Isles of Scilly","15","[c]","[c]","[c]"
"Leaver CS","2021","Declared disabled","Cumbria","5","[c]","[c]","[c]"
"Leaver CS","2021","Declared disabled","Derbyshire and Nottinghamshire","80","[c]","26960","26550"
"Leaver CS","2021","Declared disabled","Devon","60","[c]","25290","21580"
"Leaver CS","2021","Declared disabled","Dorset and Somerset","50","[c]","27700","26740"
"Leaver CS","2021","Declared disabled","East Anglia","115","[c]","28040","26990"
"Leaver CS","2021","Declared disabled","East Wales","135","[c]","31110","25030"
"Leaver CS","2021","Declared disabled","East Yorkshire and Northern Lincolnshire","45","[c]","[c]","[c]"
"Leaver CS","2021","Declared disabled","Eastern Scotland","110","[c]","28750","27570"
"Leaver CS","2021","Declared disabled","Essex","40","[c]","[c]","[c]"
"Leaver CS","2021","Declared disabled","Gloucestershire, Wiltshire and Bath/Bristol area","165","[c]","29650","26500"
"Leaver CS","2021","Declared disabled","Greater Manchester","105","[c]","29750","25720"
"Leaver CS","2021","Declared disabled","Hampshire and Isle of Wight","105","[c]","26810","25480"
"Leaver CS","2021","Declared disabled","Herefordshire, Worcestershire and Warwickshire","35","[c]","[c]","[c]"
"Leaver CS","2021","Declared disabled","Highlands and Islands","10","[c]","[c]","[c]"
"Leaver CS","2021","Declared disabled","Inner London - East","85","[c]","34230","31490"
"Leaver CS","2021","Declared disabled","Inner London - West","230","[c]","43690","37440"
"Leaver CS","2021","Declared disabled","Kent","60","[c]","[c]","[c]"
"Leaver CS","2021","Declared disabled","Lancashire","85","[c]","31290","27570"
"Leaver CS","2021","Declared disabled","Leicestershire, Rutland and Northamptonshire","70","[c]","[c]","[c]"
"Leaver CS","2021","Declared disabled","Lincolnshire","30","[c]","[c]","[c]"
"Leaver CS","2021","Declared disabled","Merseyside","95","[c]","26010","24310"
"Leaver CS","2021","Declared disabled","North Eastern Scotland","15","[c]","[c]","[c]"
"Leaver CS","2021","Declared disabled","North Yorkshire","20","[c]","[c]","[c]"
"Leaver CS","2021","Declared disabled","Northern Ireland","20","[c]","[c]","[c]"
"Leaver CS","2021","Declared disabled","Northumberland and Tyne and Wear","150","[c]","25860","21010"
"Leaver CS","2021","Declared disabled","Outer London - East and North East","30","[c]","[c]","[c]"
"Leaver CS","2021","Declared disabled","Outer London - South","50","[c]","33000","29500"
"Leaver CS","2021","Declared disabled","Outer London - West and North West","55","[c]","29170","28100"
"Leaver CS","2021","Declared disabled","Overseas","10","[c]","[c]","[c]"
"Leaver CS","2021","Declared disabled","Shropshire and Staffordshire","60","[c]","25090","26000"
"Leaver CS","2021","Declared disabled","South Yorkshire","90","[c]","28440","26120"
"Leaver CS","2021","Declared disabled","Southern Scotland","20","[c]","[c]","[c]"
"Leaver CS","2021","Declared disabled","Surrey, East and West Sussex","55","[c]","25210","22360"
"Leaver CS","2021","Declared disabled","Tees Valley and Durham","65","[c]","[c]","[c]"
"Leaver CS","2021","Declared disabled","Unknown","10","[c]","[c]","[c]"
"Leaver CS","2021","Declared disabled","West Central Scotland","75","[c]","27790","26720"
"Leaver CS","2021","Declared disabled","West Midlands","150","[c]","26900","26000"
"Leaver CS","2021","Declared disabled","West Wales and The Valleys","110","[c]","23560","21590"
"Leaver CS","2021","Declared disabled","West Yorkshire","95","[c]","28030","27570"
"Leaver CS","2021","Declared non-disabled","Bedfordshire and Hertfordshire","250","[c]","30890","25740"
"Leaver CS","2021","Declared non-disabled","Berkshire, Buckinghamshire and Oxfordshire","380","[c]","33330","29330"
"Leaver CS","2021","Declared non-disabled","Cheshire","100","[c]","26320","21010"
"Leaver CS","2021","Declared non-disabled","Cornwall and Isles of Scilly","50","[c]","26070","22080"
"Leaver CS","2021","Declared non-disabled","Cumbria","60","[c]","29000","26890"
"Leaver CS","2021","Declared non-disabled","Derbyshire and Nottinghamshire","365","[c]","27390","23200"
"Leaver CS","2021","Declared non-disabled","Devon","365","[c]","26430","21580"
"Leaver CS","2021","Declared non-disabled","Dorset and Somerset","210","[c]","29380","27130"
"Leaver CS","2021","Declared non-disabled","East Anglia","565","[c]","30310","26670"
"Leaver CS","2021","Declared non-disabled","East Wales","650","[c]","34770","27570"
"Leaver CS","2021","Declared non-disabled","East Yorkshire and Northern Lincolnshire","275","[c]","28690","27130"
"Leaver CS","2021","Declared non-disabled","Eastern Scotland","480","[c]","34580","27570"
"Leaver CS","2021","Declared non-disabled","Essex","190","[c]","29490","25110"
"Leaver CS","2021","Declared non-disabled","Gloucestershire, Wiltshire and Bath/Bristol area","870","[c]","34910","30420"
"Leaver CS","2021","Declared non-disabled","Greater Manchester","590","[c]","30650","26120"
"Leaver CS","2021","Declared non-disabled","Hampshire and Isle of Wight","480","[c]","30600","27570"
"Leaver CS","2021","Declared non-disabled","Herefordshire, Worcestershire and Warwickshire","150","[c]","24430","21470"
"Leaver CS","2021","Declared non-disabled","Highlands and Islands","55","[c]","27850","26530"
"Leaver CS","2021","Declared non-disabled","Inner London - East","590","[c]","43330","35200"
"Leaver CS","2021","Declared non-disabled","Inner London - West","1625","[c]","47010","40470"
"Leaver CS","2021","Declared non-disabled","Kent","330","[c]","27180","25110"
"Leaver CS","2021","Declared non-disabled","Lancashire","450","[c]","26290","21010"
"Leaver CS","2021","Declared non-disabled","Leicestershire, Rutland and Northamptonshire","365","[c]","26740","22350"
"Leaver CS","2021","Declared non-disabled","Lincolnshire","210","[c]","28710","27680"
"Leaver CS","2021","Declared non-disabled","Merseyside","500","[c]","27300","24110"
"Leaver CS","2021","Declared non-disabled","North Eastern Scotland","95","[c]","38450","29600"
"Leaver CS","2021","Declared non-disabled","North Yorkshire","140","[c]","35330","27570"
"Leaver CS","2021","Declared non-disabled","Northern Ireland","120","[c]","25450","21430"
"Leaver CS","2021","Declared non-disabled","Northumberland and Tyne and Wear","605","[c]","26300","21010"
"Leaver CS","2021","Declared non-disabled","Outer London - East and North East","115","[c]","28520","29590"
"Leaver CS","2021","Declared non-disabled","Outer London - South","275","[c]","35670","30170"
"Leaver CS","2021","Declared non-disabled","Outer London - West and North West","345","[c]","33250","30380"
"Leaver CS","2021","Declared non-disabled","Overseas","40","[c]","[c]","[c]"
"Leaver CS","2021","Declared non-disabled","Shropshire and Staffordshire","300","[c]","29260","26780"
"Leaver CS","2021","Declared non-disabled","South Yorkshire","420","[c]","29030","24910"
"Leaver CS","2021","Declared non-disabled","Southern Scotland","145","[c]","29800","26890"
"Leaver CS","2021","Declared non-disabled","Surrey, East and West Sussex","290","[c]","28190","26430"
"Leaver CS","2021","Declared non-disabled","Tees Valley and Durham","370","[c]","27980","22350"
"Leaver CS","2021","Declared non-disabled","Unknown","55","[c]","45310","32200"
"Leaver CS","2021","Declared non-disabled","West Central Scotland","385","[c]","30520","26120"
"Leaver CS","2021","Declared non-disabled","West Midlands","620","[c]","31580","26120"
"Leaver CS","2021","Declared non-disabled","West Wales and The Valleys","475","[c]","27240","21590"
"Leaver CS","2021","Declared non-disabled","West Yorkshire","550","[c]","29940","26890"
"Leaver CS","2021","Undeclared","Bedfordshire and Hertfordshire","30","[c]","[c]","[c]"
"Leaver CS","2021","Undeclared","Berkshire, Buckinghamshire and Oxfordshire","50","[c]","[c]","[c]"
"Leaver CS","2021","Undeclared","Cheshire","25","[c]","[c]","[c]"
"Leaver CS","2021","Undeclared","Cornwall and Isles of Scilly","10","[c]","[c]","[c]"
"Leaver CS","2021","Undeclared","Cumbria","[c]","[c]","[c]","[c]"
"Leaver CS","2021","Undeclared","Derbyshire and Nottinghamshire","35","[c]","[c]","[c]"
"Leaver CS","2021","Undeclared","Devon","50","[c]","[c]","[c]"
"Leaver CS","2021","Undeclared","Dorset and Somerset","25","[c]","[c]","[c]"
"Leaver CS","2021","Undeclared","East Anglia","105","[c]","31890","31710"
"Leaver CS","2021","Undeclared","East Wales","65","[c]","[c]","[c]"
"Leaver CS","2021","Undeclared","East Yorkshire and Northern Lincolnshire","40","[c]","[c]","[c]"
"Leaver CS","2021","Undeclared","Eastern Scotland","30","[c]","[c]","[c]"
"Leaver CS","2021","Undeclared","Essex","40","[c]","[c]","[c]"
"Leaver CS","2021","Undeclared","Gloucestershire, Wiltshire and Bath/Bristol area","115","[c]","37420","34030"
"Leaver CS","2021","Undeclared","Greater Manchester","55","[c]","[c]","[c]"
"Leaver CS","2021","Undeclared","Hampshire and Isle of Wight","50","[c]","30150","25770"
"Leaver CS","2021","Undeclared","Herefordshire, Worcestershire and Warwickshire","20","[c]","[c]","[c]"
"Leaver CS","2021","Undeclared","Highlands and Islands","[c]","[c]","[c]","[c]"
"Leaver CS","2021","Undeclared","Inner London - East","50","[c]","39920","32950"
"Leaver CS","2021","Undeclared","Inner London - West","170","[c]","43160","38830"
"Leaver CS","2021","Undeclared","Kent","60","[c]","[c]","[c]"
"Leaver CS","2021","Undeclared","Lancashire","50","[c]","[c]","[c]"
"Leaver CS","2021","Undeclared","Leicestershire, Rutland and Northamptonshire","55","[c]","[c]","[c]"
"Leaver CS","2021","Undeclared","Lincolnshire","30","[c]","[c]","[c]"
"Leaver CS","2021","Undeclared","Merseyside","30","[c]","[c]","[c]"
"Leaver CS","2021","Undeclared","North Eastern Scotland","[c]","[c]","[c]","[c]"
"Leaver CS","2021","Undeclared","North Yorkshire","15","[c]","[c]","[c]"
"Leaver CS","2021","Undeclared","Northern Ireland","15","[c]","[c]","[c]"
"Leaver CS","2021","Undeclared","Northumberland and Tyne and Wear","35","[c]","[c]","[c]"
"Leaver CS","2021","Undeclared","Outer London - East and North East","20","[c]","[c]","[c]"
"Leaver CS","2021","Undeclared","Outer London - South","25","[c]","[c]","[c]"
"Leaver CS","2021","Undeclared","Outer London - West and North West","35","[c]","[c]","[c]"
"Leaver CS","2021","Undeclared","Overseas","[c]","[c]","[c]","[c]"
"Leaver CS","2021","Undeclared","Shropshire and Staffordshire","35","[c]","[c]","[c]"
"Leaver CS","2021","Undeclared","South Yorkshire","35","[c]","[c]","[c]"
"Leaver CS","2021","Undeclared","Southern Scotland","10","[c]","[c]","[c]"
"Leaver CS","2021","Undeclared","Surrey, East and West Sussex","50","[c]","[c]","[c]"
"Leaver CS","2021","Undeclared","Tees Valley and Durham","55","[c]","[c]","[c]"
"Leaver CS","2021","Undeclared","Unknown","[c]","[c]","[c]","[c]"
"Leaver CS","2021","Undeclared","West Central Scotland","30","[c]","[c]","[c]"
"Leaver CS","2021","Undeclared","West Midlands","50","[c]","32070","23720"
"Leaver CS","2021","Undeclared","West Wales and The Valleys","50","[c]","24250","21590"
"Leaver CS","2021","Undeclared","West Yorkshire","60","[c]","[c]","[c]"
"Leaver CS","2021","Unknown","Bedfordshire and Hertfordshire","135","[c]","30610","26910"
"Leaver CS","2021","Unknown","Berkshire, Buckinghamshire and Oxfordshire","205","[c]","29400","24970"
"Leaver CS","2021","Unknown","Cheshire","55","[c]","32850","30040"
"Leaver CS","2021","Unknown","Cornwall and Isles of Scilly","20","[c]","[c]","[c]"
"Leaver CS","2021","Unknown","Cumbria","50","[c]","22810","21050"
"Leaver CS","2021","Unknown","Derbyshire and Nottinghamshire","145","[c]","26040","24250"
"Leaver CS","2021","Unknown","Devon","130","[c]","26520","21620"
"Leaver CS","2021","Unknown","Dorset and Somerset","60","[c]","30010","27570"
"Leaver CS","2021","Unknown","East Anglia","210","[c]","31710","27570"
"Leaver CS","2021","Unknown","East Wales","335","[c]","29070","23050"
"Leaver CS","2021","Unknown","East Yorkshire and Northern Lincolnshire","95","[c]","[c]","[c]"
"Leaver CS","2021","Unknown","Eastern Scotland","495","[c]","35430","30790"
"Leaver CS","2021","Unknown","Essex","65","[c]","27230","24820"
"Leaver CS","2021","Unknown","Gloucestershire, Wiltshire and Bath/Bristol area","260","[c]","35130","29690"
"Leaver CS","2021","Unknown","Greater Manchester","205","[c]","28640","25930"
"Leaver CS","2021","Unknown","Hampshire and Isle of Wight","225","[c]","29230","26220"
"Leaver CS","2021","Unknown","Herefordshire, Worcestershire and Warwickshire","65","[c]","24260","21050"
"Leaver CS","2021","Unknown","Highlands and Islands","25","[c]","[c]","[c]"
"Leaver CS","2021","Unknown","Inner London - East","295","[c]","40850","32760"
"Leaver CS","2021","Unknown","Inner London - West","1050","[c]","39110","32560"
"Leaver CS","2021","Unknown","Kent","110","[c]","24180","24110"
"Leaver CS","2021","Unknown","Lancashire","135","[c]","23460","21010"
"Leaver CS","2021","Unknown","Leicestershire, Rutland and Northamptonshire","150","[c]","24020","21010"
"Leaver CS","2021","Unknown","Lincolnshire","55","[c]","30620","29930"
"Leaver CS","2021","Unknown","Merseyside","140","[c]","30230","27010"
"Leaver CS","2021","Unknown","North Eastern Scotland","40","[c]","28740","26590"
"Leaver CS","2021","Unknown","North Yorkshire","80","[c]","31750","26890"
"Leaver CS","2021","Unknown","Northern Ireland","50","[c]","[c]","[c]"
"Leaver CS","2021","Unknown","Northumberland and Tyne and Wear","275","[c]","26630","21150"
"Leaver CS","2021","Unknown","Outer London - East and North East","60","[c]","29310","31060"
"Leaver CS","2021","Unknown","Outer London - South","90","[c]","32130","31060"
"Leaver CS","2021","Unknown","Outer London - West and North West","125","[c]","33440","31060"
"Leaver CS","2021","Unknown","Overseas","80","[c]","39640","36960"
"Leaver CS","2021","Unknown","Shropshire and Staffordshire","110","[c]","25060","21590"
"Leaver CS","2021","Unknown","South Yorkshire","100","[c]","30610","25500"
"Leaver CS","2021","Unknown","Southern Scotland","85","[c]","29510","26550"
"Leaver CS","2021","Unknown","Surrey, East and West Sussex","155","[c]","33860","24370"
"Leaver CS","2021","Unknown","Tees Valley and Durham","120","[c]","23510","21100"
"Leaver CS","2021","Unknown","Unknown","620","[c]","39880","32000"
"Leaver CS","2021","Unknown","West Central Scotland","215","[c]","31000","27570"
"Leaver CS","2021","Unknown","West Midlands","270","[c]","36550","27570"
"Leaver CS","2021","Unknown","West Wales and The Valleys","145","[c]","25750","21590"
"Leaver CS","2021","Unknown","West Yorkshire","270","[c]","29550","24880"
"Leaver Dept.","2021","Declared disabled","Bedfordshire and Hertfordshire","[c]","[c]","[c]","[c]"
"Leaver Dept.","2021","Declared disabled","Berkshire, Buckinghamshire and Oxfordshire","10","[c]","[c]","[c]"
"Leaver Dept.","2021","Declared disabled","Cheshire","[c]","[c]","[c]","[c]"
"Leaver Dept.","2021","Declared disabled","Cornwall and Isles of Scilly","[c]","[c]","[c]","[c]"
"Leaver Dept.","2021","Declared disabled","Cumbria","[c]","[c]","[c]","[c]"
"Leaver Dept.","2021","Declared disabled","Derbyshire and Nottinghamshire","25","[c]","[c]","[c]"
"Leaver Dept.","2021","Declared disabled","Devon","5","[c]","[c]","[c]"
"Leaver Dept.","2021","Declared disabled","Dorset and Somerset","5","[c]","[c]","[c]"
"Leaver Dept.","2021","Declared disabled","East Anglia","5","[c]","[c]","[c]"
"Leaver Dept.","2021","Declared disabled","East Wales","25","[c]","[c]","[c]"
"Leaver Dept.","2021","Declared disabled","East Yorkshire and Northern Lincolnshire","[c]","[c]","[c]","[c]"
"Leaver Dept.","2021","Declared disabled","Eastern Scotland","20","[c]","[c]","[c]"
"Leaver Dept.","2021","Declared disabled","Essex","5","[c]","[c]","[c]"
"Leaver Dept.","2021","Declared disabled","Gloucestershire, Wiltshire and Bath/Bristol area","70","[c]","32980","31980"
"Leaver Dept.","2021","Declared disabled","Greater Manchester","40","[c]","[c]","[c]"
"Leaver Dept.","2021","Declared disabled","Hampshire and Isle of Wight","15","[c]","[c]","[c]"
"Leaver Dept.","2021","Declared disabled","Herefordshire, Worcestershire and Warwickshire","10","[c]","[c]","[c]"
"Leaver Dept.","2021","Declared disabled","Highlands and Islands","[c]","[c]","[c]","[c]"
"Leaver Dept.","2021","Declared disabled","Inner London - East","35","[c]","[c]","[c]"
"Leaver Dept.","2021","Declared disabled","Inner London - West","340","[c]","42740","37640"
"Leaver Dept.","2021","Declared disabled","Kent","15","[c]","[c]","[c]"
"Leaver Dept.","2021","Declared disabled","Lancashire","20","[c]","[c]","[c]"
"Leaver Dept.","2021","Declared disabled","Leicestershire, Rutland and Northamptonshire","5","[c]","[c]","[c]"
"Leaver Dept.","2021","Declared disabled","Lincolnshire","[c]","[c]","[c]","[c]"
"Leaver Dept.","2021","Declared disabled","Merseyside","35","[c]","[c]","[c]"
"Leaver Dept.","2021","Declared disabled","North Eastern Scotland","[c]","[c]","[c]","[c]"
"Leaver Dept.","2021","Declared disabled","North Yorkshire","5","[c]","[c]","[c]"
"Leaver Dept.","2021","Declared disabled","Northern Ireland","[c]","[c]","[c]","[c]"
"Leaver Dept.","2021","Declared disabled","Northumberland and Tyne and Wear","45","[c]","[c]","[c]"
"Leaver Dept.","2021","Declared disabled","Outer London - East and North East","[c]","[c]","[c]","[c]"
"Leaver Dept.","2021","Declared disabled","Outer London - South","25","[c]","[c]","[c]"
"Leaver Dept.","2021","Declared disabled","Outer London - West and North West","5","[c]","[c]","[c]"
"Leaver Dept.","2021","Declared disabled","Overseas","5","[c]","[c]","[c]"
"Leaver Dept.","2021","Declared disabled","Shropshire and Staffordshire","5","[c]","[c]","[c]"
"Leaver Dept.","2021","Declared disabled","South Yorkshire","25","[c]","[c]","[c]"
"Leaver Dept.","2021","Declared disabled","Southern Scotland","5","[c]","[c]","[c]"
"Leaver Dept.","2021","Declared disabled","Surrey, East and West Sussex","10","[c]","[c]","[c]"
"Leaver Dept.","2021","Declared disabled","Tees Valley and Durham","10","[c]","[c]","[c]"
"Leaver Dept.","2021","Declared disabled","Unknown","50","[c]","33710","32000"
"Leaver Dept.","2021","Declared disabled","West Central Scotland","20","[c]","[c]","[c]"
"Leaver Dept.","2021","Declared disabled","West Midlands","35","[c]","[c]","[c]"
"Leaver Dept.","2021","Declared disabled","West Wales and The Valleys","15","[c]","[c]","[c]"
"Leaver Dept.","2021","Declared disabled","West Yorkshire","30","[c]","[c]","[c]"
"Leaver Dept.","2021","Declared non-disabled","Bedfordshire and Hertfordshire","30","[c]","[c]","[c]"
"Leaver Dept.","2021","Declared non-disabled","Berkshire, Buckinghamshire and Oxfordshire","35","[c]","[c]","[c]"
"Leaver Dept.","2021","Declared non-disabled","Cheshire","15","[c]","[c]","[c]"
"Leaver Dept.","2021","Declared non-disabled","Cornwall and Isles of Scilly","5","[c]","[c]","[c]"
"Leaver Dept.","2021","Declared non-disabled","Cumbria","5","[c]","[c]","[c]"
"Leaver Dept.","2021","Declared non-disabled","Derbyshire and Nottinghamshire","100","[c]","27500","23740"
"Leaver Dept.","2021","Declared non-disabled","Devon","60","[c]","28450","25600"
"Leaver Dept.","2021","Declared non-disabled","Dorset and Somerset","30","[c]","[c]","[c]"
"Leaver Dept.","2021","Declared non-disabled","East Anglia","65","[c]","30090","30390"
"Leaver Dept.","2021","Declared non-disabled","East Wales","225","[c]","33880","30130"
"Leaver Dept.","2021","Declared non-disabled","East Yorkshire and Northern Lincolnshire","20","[c]","[c]","[c]"
"Leaver Dept.","2021","Declared non-disabled","Eastern Scotland","110","[c]","31120","27570"
"Leaver Dept.","2021","Declared non-disabled","Essex","35","[c]","[c]","[c]"
"Leaver Dept.","2021","Declared non-disabled","Gloucestershire, Wiltshire and Bath/Bristol area","445","[c]","35480","32270"
"Leaver Dept.","2021","Declared non-disabled","Greater Manchester","280","[c]","29300","27570"
"Leaver Dept.","2021","Declared non-disabled","Hampshire and Isle of Wight","100","[c]","36500","31350"
"Leaver Dept.","2021","Declared non-disabled","Herefordshire, Worcestershire and Warwickshire","30","[c]","[c]","[c]"
"Leaver Dept.","2021","Declared non-disabled","Highlands and Islands","10","[c]","[c]","[c]"
"Leaver Dept.","2021","Declared non-disabled","Inner London - East","305","[c]","45370","40480"
"Leaver Dept.","2021","Declared non-disabled","Inner London - West","2520","[c]","45610","40310"
"Leaver Dept.","2021","Declared non-disabled","Kent","50","[c]","28920","29290"
"Leaver Dept.","2021","Declared non-disabled","Lancashire","115","[c]","32970","27570"
"Leaver Dept.","2021","Declared non-disabled","Leicestershire, Rutland and Northamptonshire","45","[c]","22810","21010"
"Leaver Dept.","2021","Declared non-disabled","Lincolnshire","10","[c]","[c]","[c]"
"Leaver Dept.","2021","Declared non-disabled","Merseyside","245","[c]","28540","24890"
"Leaver Dept.","2021","Declared non-disabled","North Eastern Scotland","[c]","[c]","[c]","[c]"
"Leaver Dept.","2021","Declared non-disabled","North Yorkshire","35","[c]","38800","32220"
"Leaver Dept.","2021","Declared non-disabled","Northern Ireland","35","[c]","[c]","[c]"
"Leaver Dept.","2021","Declared non-disabled","Northumberland and Tyne and Wear","270","[c]","27000","24920"
"Leaver Dept.","2021","Declared non-disabled","Outer London - East and North East","35","[c]","[c]","[c]"
"Leaver Dept.","2021","Declared non-disabled","Outer London - South","165","[c]","38370","32000"
"Leaver Dept.","2021","Declared non-disabled","Outer London - West and North West","70","[c]","31750","29780"
"Leaver Dept.","2021","Declared non-disabled","Overseas","60","[c]","51500","52700"
"Leaver Dept.","2021","Declared non-disabled","Shropshire and Staffordshire","60","[c]","25980","21170"
"Leaver Dept.","2021","Declared non-disabled","South Yorkshire","115","[c]","34300","30830"
"Leaver Dept.","2021","Declared non-disabled","Southern Scotland","40","[c]","[c]","[c]"
"Leaver Dept.","2021","Declared non-disabled","Surrey, East and West Sussex","55","[c]","27080","25960"
"Leaver Dept.","2021","Declared non-disabled","Tees Valley and Durham","110","[c]","26050","24200"
"Leaver Dept.","2021","Declared non-disabled","Unknown","235","[c]","38270","32000"
"Leaver Dept.","2021","Declared non-disabled","West Central Scotland","210","[c]","27780","26890"
"Leaver Dept.","2021","Declared non-disabled","West Midlands","245","[c]","28520","24890"
"Leaver Dept.","2021","Declared non-disabled","West Wales and The Valleys","130","[c]","28500","26470"
"Leaver Dept.","2021","Declared non-disabled","West Yorkshire","190","[c]","32760","27570"
"Leaver Dept.","2021","Undeclared","Bedfordshire and Hertfordshire","5","[c]","[c]","[c]"
"Leaver Dept.","2021","Undeclared","Berkshire, Buckinghamshire and Oxfordshire","10","[c]","[c]","[c]"
"Leaver Dept.","2021","Undeclared","Cheshire","[c]","[c]","[c]","[c]"
"Leaver Dept.","2021","Undeclared","Derbyshire and Nottinghamshire","10","[c]","[c]","[c]"
"Leaver Dept.","2021","Undeclared","Devon","[c]","[c]","[c]","[c]"
"Leaver Dept.","2021","Undeclared","Dorset and Somerset","[c]","[c]","[c]","[c]"
"Leaver Dept.","2021","Undeclared","East Anglia","15","[c]","[c]","[c]"
"Leaver Dept.","2021","Undeclared","East Wales","20","[c]","[c]","[c]"
"Leaver Dept.","2021","Undeclared","East Yorkshire and Northern Lincolnshire","[c]","[c]","[c]","[c]"
"Leaver Dept.","2021","Undeclared","Eastern Scotland","5","[c]","[c]","[c]"
"Leaver Dept.","2021","Undeclared","Essex","[c]","[c]","[c]","[c]"
"Leaver Dept.","2021","Undeclared","Gloucestershire, Wiltshire and Bath/Bristol area","30","[c]","[c]","[c]"
"Leaver Dept.","2021","Undeclared","Greater Manchester","20","[c]","[c]","[c]"
"Leaver Dept.","2021","Undeclared","Hampshire and Isle of Wight","10","[c]","[c]","[c]"
"Leaver Dept.","2021","Undeclared","Herefordshire, Worcestershire and Warwickshire","[c]","[c]","[c]","[c]"
"Leaver Dept.","2021","Undeclared","Inner London - East","10","[c]","[c]","[c]"
"Leaver Dept.","2021","Undeclared","Inner London - West","245","[c]","44600","42410"
"Leaver Dept.","2021","Undeclared","Kent","[c]","[c]","[c]","[c]"
"Leaver Dept.","2021","Undeclared","Lancashire","15","[c]","[c]","[c]"
"Leaver Dept.","2021","Undeclared","Leicestershire, Rutland and Northamptonshire","5","[c]","[c]","[c]"
"Leaver Dept.","2021","Undeclared","Lincolnshire","[c]","[c]","[c]","[c]"
"Leaver Dept.","2021","Undeclared","Merseyside","10","[c]","[c]","[c]"
"Leaver Dept.","2021","Undeclared","North Eastern Scotland","[c]","[c]","[c]","[c]"
"Leaver Dept.","2021","Undeclared","North Yorkshire","10","[c]","[c]","[c]"
"Leaver Dept.","2021","Undeclared","Northern Ireland","[c]","[c]","[c]","[c]"
"Leaver Dept.","2021","Undeclared","Northumberland and Tyne and Wear","20","[c]","[c]","[c]"
"Leaver Dept.","2021","Undeclared","Outer London - East and North East","[c]","[c]","[c]","[c]"
"Leaver Dept.","2021","Undeclared","Outer London - South","10","[c]","[c]","[c]"
"Leaver Dept.","2021","Undeclared","Outer London - West and North West","10","[c]","[c]","[c]"
"Leaver Dept.","2021","Undeclared","Overseas","5","[c]","[c]","[c]"
"Leaver Dept.","2021","Undeclared","Shropshire and Staffordshire","5","[c]","[c]","[c]"
"Leaver Dept.","2021","Undeclared","South Yorkshire","5","[c]","[c]","[c]"
"Leaver Dept.","2021","Undeclared","Southern Scotland","[c]","[c]","[c]","[c]"
"Leaver Dept.","2021","Undeclared","Surrey, East and West Sussex","5","[c]","[c]","[c]"
"Leaver Dept.","2021","Undeclared","Tees Valley and Durham","5","[c]","[c]","[c]"
"Leaver Dept.","2021","Undeclared","Unknown","20","[c]","[c]","[c]"
"Leaver Dept.","2021","Undeclared","West Central Scotland","15","[c]","[c]","[c]"
"Leaver Dept.","2021","Undeclared","West Midlands","25","[c]","[c]","[c]"
"Leaver Dept.","2021","Undeclared","West Wales and The Valleys","15","[c]","[c]","[c]"
"Leaver Dept.","2021","Undeclared","West Yorkshire","10","[c]","[c]","[c]"
"Leaver Dept.","2021","Unknown","Bedfordshire and Hertfordshire","[c]","[c]","[c]","[c]"
"Leaver Dept.","2021","Unknown","Berkshire, Buckinghamshire and Oxfordshire","20","[c]","[c]","[c]"
"Leaver Dept.","2021","Unknown","Cheshire","10","[c]","[c]","[c]"
"Leaver Dept.","2021","Unknown","Cornwall and Isles of Scilly","[c]","[c]","[c]","[c]"
"Leaver Dept.","2021","Unknown","Cumbria","35","[c]","23160","20430"
"Leaver Dept.","2021","Unknown","Derbyshire and Nottinghamshire","55","[c]","[c]","[c]"
"Leaver Dept.","2021","Unknown","Devon","20","[c]","[c]","[c]"
"Leaver Dept.","2021","Unknown","Dorset and Somerset","5","[c]","[c]","[c]"
"Leaver Dept.","2021","Unknown","East Anglia","20","[c]","[c]","[c]"
"Leaver Dept.","2021","Unknown","East Wales","130","[c]","35510","30950"
"Leaver Dept.","2021","Unknown","East Yorkshire and Northern Lincolnshire","5","[c]","[c]","[c]"
"Leaver Dept.","2021","Unknown","Eastern Scotland","70","[c]","33370","29190"
"Leaver Dept.","2021","Unknown","Essex","10","[c]","[c]","[c]"
"Leaver Dept.","2021","Unknown","Gloucestershire, Wiltshire and Bath/Bristol area","125","[c]","37870","36490"
"Leaver Dept.","2021","Unknown","Greater Manchester","115","[c]","30230","24300"
"Leaver Dept.","2021","Unknown","Hampshire and Isle of Wight","60","[c]","29240","25860"
"Leaver Dept.","2021","Unknown","Herefordshire, Worcestershire and Warwickshire","15","[c]","[c]","[c]"
"Leaver Dept.","2021","Unknown","Highlands and Islands","[c]","[c]","[c]","[c]"
"Leaver Dept.","2021","Unknown","Inner London - East","125","[c]","47080","43380"
"Leaver Dept.","2021","Unknown","Inner London - West","1375","[c]","43160","38650"
"Leaver Dept.","2021","Unknown","Kent","10","[c]","[c]","[c]"
"Leaver Dept.","2021","Unknown","Lancashire","45","[c]","[c]","[c]"
"Leaver Dept.","2021","Unknown","Leicestershire, Rutland and Northamptonshire","5","[c]","[c]","[c]"
"Leaver Dept.","2021","Unknown","Merseyside","65","[c]","[c]","[c]"
"Leaver Dept.","2021","Unknown","North Yorkshire","60","[c]","34300","32860"
"Leaver Dept.","2021","Unknown","Northern Ireland","10","[c]","[c]","[c]"
"Leaver Dept.","2021","Unknown","Northumberland and Tyne and Wear","120","[c]","31150","29600"
"Leaver Dept.","2021","Unknown","Outer London - East and North East","[c]","[c]","[c]","[c]"
"Leaver Dept.","2021","Unknown","Outer London - South","40","[c]","[c]","[c]"
"Leaver Dept.","2021","Unknown","Outer London - West and North West","15","[c]","[c]","[c]"
"Leaver Dept.","2021","Unknown","Overseas","45","[c]","[c]","[c]"
"Leaver Dept.","2021","Unknown","Shropshire and Staffordshire","15","[c]","[c]","[c]"
"Leaver Dept.","2021","Unknown","South Yorkshire","10","[c]","[c]","[c]"
"Leaver Dept.","2021","Unknown","Southern Scotland","35","[c]","[c]","[c]"
"Leaver Dept.","2021","Unknown","Surrey, East and West Sussex","20","[c]","[c]","[c]"
"Leaver Dept.","2021","Unknown","Tees Valley and Durham","25","[c]","[c]","[c]"
"Leaver Dept.","2021","Unknown","Unknown","400","[c]","34040","32000"
"Leaver Dept.","2021","Unknown","West Central Scotland","60","[c]","[c]","[c]"
"Leaver Dept.","2021","Unknown","West Midlands","95","[c]","28580","22570"
"Leaver Dept.","2021","Unknown","West Wales and The Valleys","30","[c]","[c]","[c]"
"Leaver Dept.","2021","Unknown","West Yorkshire","110","[c]","32690","27570"
"New entrant CS","2021","Declared disabled","Bedfordshire and Hertfordshire","70","[c]","25520","27570"
"New entrant CS","2021","Declared disabled","Berkshire, Buckinghamshire and Oxfordshire","80","[c]","26880","27570"
"New entrant CS","2021","Declared disabled","Cheshire","60","[c]","26640","27570"
"New entrant CS","2021","Declared disabled","Cornwall and Isles of Scilly","15","[c]","[c]","[c]"
"New entrant CS","2021","Declared disabled","Cumbria","10","[c]","[c]","[c]"
"New entrant CS","2021","Declared disabled","Derbyshire and Nottinghamshire","100","[c]","26650","27570"
"New entrant CS","2021","Declared disabled","Devon","70","[c]","24280","23820"
"New entrant CS","2021","Declared disabled","Dorset and Somerset","40","[c]","24620","25770"
"New entrant CS","2021","Declared disabled","East Anglia","120","[c]","25770","27570"
"New entrant CS","2021","Declared disabled","East Wales","115","[c]","28040","27570"
"New entrant CS","2021","Declared disabled","East Yorkshire and Northern Lincolnshire","35","[c]","26050","27570"
"New entrant CS","2021","Declared disabled","Eastern Scotland","145","[c]","28670","27570"
"New entrant CS","2021","Declared disabled","Essex","65","[c]","27610","29290"
"New entrant CS","2021","Declared disabled","Gloucestershire, Wiltshire and Bath/Bristol area","235","[c]","27990","27570"
"New entrant CS","2021","Declared disabled","Greater Manchester","180","[c]","26920","27570"
"New entrant CS","2021","Declared disabled","Hampshire and Isle of Wight","140","[c]","26660","27570"
"New entrant CS","2021","Declared disabled","Herefordshire, Worcestershire and Warwickshire","35","[c]","26970","27570"
"New entrant CS","2021","Declared disabled","Highlands and Islands","25","[c]","[c]","[c]"
"New entrant CS","2021","Declared disabled","Inner London - East","215","[c]","32300","31060"
"New entrant CS","2021","Declared disabled","Inner London - West","505","[c]","34650","32540"
"New entrant CS","2021","Declared disabled","Kent","80","[c]","27960","29290"
"New entrant CS","2021","Declared disabled","Lancashire","125","[c]","23240","21010"
"New entrant CS","2021","Declared disabled","Leicestershire, Rutland and Northamptonshire","65","[c]","24550","27570"
"New entrant CS","2021","Declared disabled","Lincolnshire","30","[c]","28320","27570"
"New entrant CS","2021","Declared disabled","Merseyside","70","[c]","24420","24710"
"New entrant CS","2021","Declared disabled","North Eastern Scotland","10","[c]","[c]","[c]"
"New entrant CS","2021","Declared disabled","North Yorkshire","50","[c]","29710","27570"
"New entrant CS","2021","Declared disabled","Northern Ireland","10","[c]","[c]","[c]"
"New entrant CS","2021","Declared disabled","Northumberland and Tyne and Wear","190","[c]","25530","21010"
"New entrant CS","2021","Declared disabled","Outer London - East and North East","75","[c]","29980","31060"
"New entrant CS","2021","Declared disabled","Outer London - South","55","[c]","31670","31060"
"New entrant CS","2021","Declared disabled","Outer London - West and North West","95","[c]","29430","31060"
"New entrant CS","2021","Declared disabled","Overseas","[c]","[c]","[c]","[c]"
"New entrant CS","2021","Declared disabled","Shropshire and Staffordshire","90","[c]","25410","27570"
"New entrant CS","2021","Declared disabled","South Yorkshire","90","[c]","26660","25000"
"New entrant CS","2021","Declared disabled","Southern Scotland","25","[c]","[c]","[c]"
"New entrant CS","2021","Declared disabled","Surrey, East and West Sussex","100","[c]","27450","27570"
"New entrant CS","2021","Declared disabled","Tees Valley and Durham","50","[c]","22910","21010"
"New entrant CS","2021","Declared disabled","Unknown","55","[c]","29730","27570"
"New entrant CS","2021","Declared disabled","West Central Scotland","105","[c]","24320","21010"
"New entrant CS","2021","Declared disabled","West Midlands","140","[c]","27730","27570"
"New entrant CS","2021","Declared disabled","West Wales and The Valleys","65","[c]","23100","21050"
"New entrant CS","2021","Declared disabled","West Yorkshire","175","[c]","26820","27570"
"New entrant CS","2021","Declared non-disabled","Bedfordshire and Hertfordshire","495","[c]","27500","27570"
"New entrant CS","2021","Declared non-disabled","Berkshire, Buckinghamshire and Oxfordshire","760","[c]","28730","27570"
"New entrant CS","2021","Declared non-disabled","Cheshire","310","[c]","26550","27570"
"New entrant CS","2021","Declared non-disabled","Cornwall and Isles of Scilly","125","[c]","26130","27570"
"New entrant CS","2021","Declared non-disabled","Cumbria","95","[c]","28060","23540"
"New entrant CS","2021","Declared non-disabled","Derbyshire and Nottinghamshire","700","[c]","27290","27570"
"New entrant CS","2021","Declared non-disabled","Devon","645","[c]","26280","22850"
"New entrant CS","2021","Declared non-disabled","Dorset and Somerset","325","[c]","25570","25990"
"New entrant CS","2021","Declared non-disabled","East Anglia","900","[c]","26930","27570"
"New entrant CS","2021","Declared non-disabled","East Wales","875","[c]","26670","23050"
"New entrant CS","2021","Declared non-disabled","East Yorkshire and Northern Lincolnshire","210","[c]","24500","22920"
"New entrant CS","2021","Declared non-disabled","Eastern Scotland","870","[c]","27930","26160"
"New entrant CS","2021","Declared non-disabled","Essex","460","[c]","27400","29290"
"New entrant CS","2021","Declared non-disabled","Gloucestershire, Wiltshire and Bath/Bristol area","2065","[c]","30570","27570"
"New entrant CS","2021","Declared non-disabled","Greater Manchester","1375","[c]","28210","27570"
"New entrant CS","2021","Declared non-disabled","Hampshire and Isle of Wight","1030","[c]","28290","27570"
"New entrant CS","2021","Declared non-disabled","Herefordshire, Worcestershire and Warwickshire","300","[c]","25650","22850"
"New entrant CS","2021","Declared non-disabled","Highlands and Islands","150","[c]","24690","21710"
"New entrant CS","2021","Declared non-disabled","Inner London - East","1980","[c]","35240","31060"
"New entrant CS","2021","Declared non-disabled","Inner London - West","3730","[c]","37320","33570"
"New entrant CS","2021","Declared non-disabled","Kent","635","[c]","27240","29290"
"New entrant CS","2021","Declared non-disabled","Lancashire","800","[c]","23350","21010"
"New entrant CS","2021","Declared non-disabled","Leicestershire, Rutland and Northamptonshire","485","[c]","24700","22920"
"New entrant CS","2021","Declared non-disabled","Lincolnshire","185","[c]","26380","25190"
"New entrant CS","2021","Declared non-disabled","Merseyside","525","[c]","25840","24880"
"New entrant CS","2021","Declared non-disabled","North Eastern Scotland","100","[c]","28210","27570"
"New entrant CS","2021","Declared non-disabled","North Yorkshire","370","[c]","30470","27570"
"New entrant CS","2021","Declared non-disabled","Northern Ireland","125","[c]","24240","20140"
"New entrant CS","2021","Declared non-disabled","Northumberland and Tyne and Wear","1390","[c]","25030","21010"
"New entrant CS","2021","Declared non-disabled","Outer London - East and North East","605","[c]","29400","31060"
"New entrant CS","2021","Declared non-disabled","Outer London - South","440","[c]","31090","31060"
"New entrant CS","2021","Declared non-disabled","Outer London - West and North West","950","[c]","30860","31060"
"New entrant CS","2021","Declared non-disabled","Overseas","20","[c]","[c]","[c]"
"New entrant CS","2021","Declared non-disabled","Shropshire and Staffordshire","615","[c]","25730","24620"
"New entrant CS","2021","Declared non-disabled","South Yorkshire","475","[c]","26150","22850"
"New entrant CS","2021","Declared non-disabled","Southern Scotland","245","[c]","24860","25140"
"New entrant CS","2021","Declared non-disabled","Surrey, East and West Sussex","875","[c]","26830","27570"
"New entrant CS","2021","Declared non-disabled","Tees Valley and Durham","365","[c]","22360","21010"
"New entrant CS","2021","Declared non-disabled","Unknown","280","[c]","29740","27570"
"New entrant CS","2021","Declared non-disabled","West Central Scotland","860","[c]","27300","23540"
"New entrant CS","2021","Declared non-disabled","West Midlands","960","[c]","28420","27570"
"New entrant CS","2021","Declared non-disabled","West Wales and The Valleys","585","[c]","24760","21590"
"New entrant CS","2021","Declared non-disabled","West Yorkshire","1135","[c]","27410","27570"
"New entrant CS","2021","Undeclared","Bedfordshire and Hertfordshire","20","[c]","[c]","[c]"
"New entrant CS","2021","Undeclared","Berkshire, Buckinghamshire and Oxfordshire","40","[c]","31520","27570"
"New entrant CS","2021","Undeclared","Cheshire","15","[c]","[c]","[c]"
"New entrant CS","2021","Undeclared","Cornwall and Isles of Scilly","5","[c]","[c]","[c]"
"New entrant CS","2021","Undeclared","Cumbria","[c]","[c]","[c]","[c]"
"New entrant CS","2021","Undeclared","Derbyshire and Nottinghamshire","40","[c]","29980","27570"
"New entrant CS","2021","Undeclared","Devon","30","[c]","[c]","[c]"
"New entrant CS","2021","Undeclared","Dorset and Somerset","15","[c]","[c]","[c]"
"New entrant CS","2021","Undeclared","East Anglia","55","[c]","29230","26350"
"New entrant CS","2021","Undeclared","East Wales","35","[c]","27450","27570"
"New entrant CS","2021","Undeclared","East Yorkshire and Northern Lincolnshire","10","[c]","[c]","[c]"
"New entrant CS","2021","Undeclared","Eastern Scotland","35","[c]","26380","26160"
"New entrant CS","2021","Undeclared","Essex","25","[c]","[c]","[c]"
"New entrant CS","2021","Undeclared","Gloucestershire, Wiltshire and Bath/Bristol area","105","[c]","33500","28340"
"New entrant CS","2021","Undeclared","Greater Manchester","80","[c]","27610","26180"
"New entrant CS","2021","Undeclared","Hampshire and Isle of Wight","65","[c]","30410","26670"
"New entrant CS","2021","Undeclared","Herefordshire, Worcestershire and Warwickshire","15","[c]","[c]","[c]"
"New entrant CS","2021","Undeclared","Highlands and Islands","[c]","[c]","[c]","[c]"
"New entrant CS","2021","Undeclared","Inner London - East","170","[c]","39750","32330"
"New entrant CS","2021","Undeclared","Inner London - West","445","[c]","37500","33570"
"New entrant CS","2021","Undeclared","Kent","35","[c]","28210","29290"
"New entrant CS","2021","Undeclared","Lancashire","40","[c]","22470","21010"
"New entrant CS","2021","Undeclared","Leicestershire, Rutland and Northamptonshire","25","[c]","[c]","[c]"
"New entrant CS","2021","Undeclared","Lincolnshire","15","[c]","[c]","[c]"
"New entrant CS","2021","Undeclared","Merseyside","20","[c]","[c]","[c]"
"New entrant CS","2021","Undeclared","North Yorkshire","30","[c]","29520","27570"
"New entrant CS","2021","Undeclared","Northern Ireland","10","[c]","[c]","[c]"
"New entrant CS","2021","Undeclared","Northumberland and Tyne and Wear","75","[c]","25160","21590"
"New entrant CS","2021","Undeclared","Outer London - East and North East","30","[c]","[c]","[c]"
"New entrant CS","2021","Undeclared","Outer London - South","15","[c]","[c]","[c]"
"New entrant CS","2021","Undeclared","Outer London - West and North West","50","[c]","35030","31060"
"New entrant CS","2021","Undeclared","Overseas","[c]","[c]","[c]","[c]"
"New entrant CS","2021","Undeclared","Shropshire and Staffordshire","25","[c]","[c]","[c]"
"New entrant CS","2021","Undeclared","South Yorkshire","35","[c]","26110","21430"
"New entrant CS","2021","Undeclared","Southern Scotland","10","[c]","[c]","[c]"
"New entrant CS","2021","Undeclared","Surrey, East and West Sussex","60","[c]","26600","27570"
"New entrant CS","2021","Undeclared","Tees Valley and Durham","10","[c]","[c]","[c]"
"New entrant CS","2021","Undeclared","Unknown","20","[c]","[c]","[c]"
"New entrant CS","2021","Undeclared","West Central Scotland","25","[c]","[c]","[c]"
"New entrant CS","2021","Undeclared","West Midlands","80","[c]","30380","27570"
"New entrant CS","2021","Undeclared","West Wales and The Valleys","25","[c]","[c]","[c]"
"New entrant CS","2021","Undeclared","West Yorkshire","70","[c]","27520","27570"
"New entrant CS","2021","Unknown","Bedfordshire and Hertfordshire","230","[c]","26660","26130"
"New entrant CS","2021","Unknown","Berkshire, Buckinghamshire and Oxfordshire","375","[c]","28860","26970"
"New entrant CS","2021","Unknown","Cheshire","290","[c]","29490","28840"
"New entrant CS","2021","Unknown","Cornwall and Isles of Scilly","35","[c]","30760","27570"
"New entrant CS","2021","Unknown","Cumbria","35","[c]","29140","26350"
"New entrant CS","2021","Unknown","Derbyshire and Nottinghamshire","470","[c]","27170","25000"
"New entrant CS","2021","Unknown","Devon","315","[c]","26730","22850"
"New entrant CS","2021","Unknown","Dorset and Somerset","140","[c]","26260","22850"
"New entrant CS","2021","Unknown","East Anglia","335","[c]","26040","22850"
"New entrant CS","2021","Unknown","East Wales","905","[c]","26770","23050"
"New entrant CS","2021","Unknown","East Yorkshire and Northern Lincolnshire","185","[c]","24390","22350"
"New entrant CS","2021","Unknown","Eastern Scotland","1040","[c]","29800","24880"
"New entrant CS","2021","Unknown","Essex","245","[c]","28020","24910"
"New entrant CS","2021","Unknown","Gloucestershire, Wiltshire and Bath/Bristol area","800","[c]","30040","27540"
"New entrant CS","2021","Unknown","Greater Manchester","1040","[c]","27870","25000"
"New entrant CS","2021","Unknown","Hampshire and Isle of Wight","640","[c]","29540","26590"
"New entrant CS","2021","Unknown","Herefordshire, Worcestershire and Warwickshire","60","[c]","24880","21050"
"New entrant CS","2021","Unknown","Highlands and Islands","30","[c]","27360","21010"
"New entrant CS","2021","Unknown","Inner London - East","970","[c]","35710","31060"
"New entrant CS","2021","Unknown","Inner London - West","3660","[c]","38460","32790"
"New entrant CS","2021","Unknown","Kent","395","[c]","25500","24880"
"New entrant CS","2021","Unknown","Lancashire","325","[c]","24270","21010"
"New entrant CS","2021","Unknown","Leicestershire, Rutland and Northamptonshire","300","[c]","24440","22350"
"New entrant CS","2021","Unknown","Lincolnshire","55","[c]","27460","22700"
"New entrant CS","2021","Unknown","Merseyside","625","[c]","26630","22350"
"New entrant CS","2021","Unknown","North Eastern Scotland","80","[c]","27640","23960"
"New entrant CS","2021","Unknown","North Yorkshire","110","[c]","26500","23540"
"New entrant CS","2021","Unknown","Northern Ireland","215","[c]","23920","20140"
"New entrant CS","2021","Unknown","Northumberland and Tyne and Wear","900","[c]","24400","21010"
"New entrant CS","2021","Unknown","Outer London - East and North East","220","[c]","27650","30150"
"New entrant CS","2021","Unknown","Outer London - South","560","[c]","34800","30600"
"New entrant CS","2021","Unknown","Outer London - West and North West","340","[c]","28280","28650"
"New entrant CS","2021","Unknown","Overseas","20","[c]","[c]","[c]"
"New entrant CS","2021","Unknown","Shropshire and Staffordshire","320","[c]","25510","22850"
"New entrant CS","2021","Unknown","South Yorkshire","435","[c]","28360","25000"
"New entrant CS","2021","Unknown","Southern Scotland","200","[c]","22200","20140"
"New entrant CS","2021","Unknown","Surrey, East and West Sussex","315","[c]","27200","25770"
"New entrant CS","2021","Unknown","Tees Valley and Durham","280","[c]","25360","22350"
"New entrant CS","2021","Unknown","Unknown","545","[c]","37300","28000"
"New entrant CS","2021","Unknown","West Central Scotland","535","[c]","27360","23540"
"New entrant CS","2021","Unknown","West Midlands","820","[c]","29450","25000"
"New entrant CS","2021","Unknown","West Wales and The Valleys","340","[c]","23210","21590"
"New entrant CS","2021","Unknown","West Yorkshire","1110","[c]","28980","25520"
"Notes","Summary figures are suppressed when information relates to less than 5 civil servants for FTE or Headcount, and less than 10 civil servants for median and mean salary (shown as [c]). Zero responses and salaries for less than 30 civil servants have been suppressed for GPDR special category data. FTE figures are not shown for entrants or leavers due to data quality concerns for these groups. Figures are rounded to the nearest 5, or 10 as appropriate.","","","","","",""
"Data source","All figures are aggregated from the Cabinet Office Annual Civil Service Employment Survey collection. https://www.gov.uk/government/collections/civil-service-statistics","","","","","",""
"Version","Generated on 2023-02-14, with GIT 71a76ea.","","","","","",""
"Data column","Description","","","","","",""
"Status","Employment status of the civil servants.","","","","","",""
"","In post - includes staff that were in post on the reference date (31 March).","","","","","",""
"","New entrant CS - includes new entrants to the Civil Service over the year (1 April to 31 March).","","","","","",""
"","Leaver CS - includes leavers from the Civil Service over the year (1 April to 31 March). This includes employees who have an Unknown leaving cause.","","","","","",""
"","Leaver Dept. - includes leavers from the department over the year (1 April to 31 March), who did not leave the Civil Service.","","","","","",""
"","Five organisations do not report when their employees first entered the Civil Service and so entrants data for these organisations is not available . These are as follows: Foreign Commonwealth and Development Office (excl. agencies), Foreign Commonwealth and Development Office Services, Defence Electronics and Components Agency, Scottish Forestry and Forest and Land Scotland. A further three organisations also could not provide entrants data in 2021. These are as follows: Department for International Development, Foreign and Commonwealth Office (excl. agencies) and Royal Fleet Auxiliary.","","","","","",""
"Year","Year of data collection (as at 31 March).","","","","","",""
"Region_ITL2","Workplace postcode data are used to derive geographical information using the International Territorial Level (ITL) classification standard.","","","","","",""
"","Following the UK's withdrawal from the EU, a new UK-managed international statistical geography - International Territorial Levels (ITL) - was introduced from 1st January 2021, replacing the former NUTS classification. They align with international standards, enabling comparability both over time and internationally. To ensure continued alignment, the ITLs mirror the NUTS system. They also follow a similar review timetable - every three years.","","","","","",""
"","ITL 2 divides into Northern Ireland, counties in England (most grouped), groups of districts in Greater London, groups of unitary authorities in Wales, groups of council areas in Scotland.","","","","","",""
"Disability","Self reported disability.","","","","","",""
"","""Undeclared"" accounts for employees who have actively declared that they do not want to disclose their disability status and ""Unknown"" accounts for employees who have not made an active declaration about their disability status.","","","","","",""
"Headcount","Total number of civil servants (rounded to nearest 5).","","","","","",""
"FTE","Total full-time equivalent (FTE) employment numbers (rounded to nearest 5).","","","","","",""
"","FTE figures are not shown for entrants or leavers due to data quality concerns for these groups.","","","","","",""
"Mean_salary","Average salary (mean, rounded to nearest 10). For part-time employees, salaries represent the full-time equivalent earnings, while for full-time employees they are the actual annual gross salaries.","","","","","",""
"","These figures should be interpreted with caution when the total number of employees in a group is small, as they will tend to show more variability than larger groups (i.e. may be much higher or lower than can be explained by the data shown).","","","","","",""
"Median_salary","Median salary (rounded to nearest 10). For part-time employees, salaries represent the full-time equivalent earnings, while for full-time employees they are the actual annual gross salaries.","","","","","",""
"","These figures should be interpreted with caution when the total number of employees in a group is small, as they will tend to show more variability than larger groups (i.e. may be much higher or lower than can be explained by the data shown).","","","","","",""
