"Status","Year","Organisation","Parent_department","Region_london","Headcount","FTE","Mean_salary","Median_salary"
"In post","2021","Accountant in Bankruptcy","Scottish Government","Outside London","115","105","31670","29190"
"In post","2021","Advisory, Conciliation and Arbitration Service","Department for Business, Energy and Industrial Strategy","London","200","195","42390","38670"
"In post","2021","Advisory, Conciliation and Arbitration Service","Department for Business, Energy and Industrial Strategy","Outside London","855","795","30910","30950"
"In post","2021","Animal and Plant Health Agency","Department for Environment, Food and Rural Affairs","London","110","105","37060","31800"
"In post","2021","Animal and Plant Health Agency","Department for Environment, Food and Rural Affairs","Outside London","2570","2425","30380","26520"
"In post","2021","Attorney General's Office","Attorney General's Departments","London","45","45","50500","50500"
"In post","2021","Cabinet Office (excl. agencies)","Cabinet Office","London","6500","6410","49780","42260"
"In post","2021","Cabinet Office (excl. agencies)","Cabinet Office","Outside London","2355","2270","40750","33300"
"In post","2021","Cabinet Office (excl. agencies)","Cabinet Office","Overseas","[c]","[c]","[c]","[c]"
"In post","2021","Cabinet Office (excl. agencies)","Cabinet Office","Unknown","600","595","36250","32000"
"In post","2021","Centre for Environment, Fisheries and Aquaculture Science","Department for Environment, Food and Rural Affairs","Outside London","615","580","34090","29750"
"In post","2021","Charity Commission","Charity Commission","London","75","70","42950","37910"
"In post","2021","Charity Commission","Charity Commission","Outside London","365","345","33200","29160"
"In post","2021","Companies House","Department for Business, Energy and Industrial Strategy","London","5","5","[c]","[c]"
"In post","2021","Companies House","Department for Business, Energy and Industrial Strategy","Outside London","1090","1005","30790","25460"
"In post","2021","Competition and Markets Authority","Competition and Markets Authority","London","785","760","60810","56630"
"In post","2021","Competition and Markets Authority","Competition and Markets Authority","Outside London","55","55","56850","55860"
"In post","2021","Criminal Injuries Compensation Authority","Ministry of Justice","Outside London","305","280","26120","22640"
"In post","2021","Crown Commercial Service","Other Cabinet Office Agencies","London","70","70","50350","49300"
"In post","2021","Crown Commercial Service","Other Cabinet Office Agencies","Outside London","720","695","36590","34800"
"In post","2021","Crown Office and Procurator Fiscal Service","Scottish Government","Outside London","2020","1875","35720","29040"
"In post","2021","Crown Prosecution Service","Attorney General's Departments","London","1690","1595","44520","39750"
"In post","2021","Crown Prosecution Service","Attorney General's Departments","Outside London","5050","4665","40270","38000"
"In post","2021","Crown Prosecution Service","Attorney General's Departments","Overseas","5","5","[c]","[c]"
"In post","2021","Crown Prosecution Service Inspectorate","Attorney General's Departments","London","15","15","53250","56160"
"In post","2021","Crown Prosecution Service Inspectorate","Attorney General's Departments","Outside London","10","10","[c]","[c]"
"In post","2021","Debt Management Office","HM Treasury","London","115","110","58680","51550"
"In post","2021","Defence Electronics and Components Agency","Ministry of Defence","Outside London","440","420","28410","28110"
"In post","2021","Defence Equipment and Support","Ministry of Defence","London","195","190","25910","21960"
"In post","2021","Defence Equipment and Support","Ministry of Defence","Outside London","10455","10100","36560","33800"
"In post","2021","Defence Equipment and Support","Ministry of Defence","Overseas","40","40","43570","42190"
"In post","2021","Defence Equipment and Support","Ministry of Defence","Unknown","5","5","[c]","[c]"
"In post","2021","Defence Science and Technology Laboratory","Ministry of Defence","London","[c]","[c]","[c]","[c]"
"In post","2021","Defence Science and Technology Laboratory","Ministry of Defence","Outside London","4380","4220","40430","37410"
"In post","2021","Department for Business, Energy and Industrial Strategy (excl. agencies)","Department for Business, Energy and Industrial Strategy","London","4895","4795","49450","53380"
"In post","2021","Department for Business, Energy and Industrial Strategy (excl. agencies)","Department for Business, Energy and Industrial Strategy","Outside London","420","405","42470","36740"
"In post","2021","Department for Business, Energy and Industrial Strategy (excl. agencies)","Department for Business, Energy and Industrial Strategy","Unknown","10","10","[c]","[c]"
"In post","2021","Department for Digital, Culture, Media and Sport","Department for Digital, Culture, Media and Sport","London","1715","1680","49440","51730"
"In post","2021","Department for Digital, Culture, Media and Sport","Department for Digital, Culture, Media and Sport","Outside London","65","65","41300","34020"
"In post","2021","Department for Education (excl. agencies)","Department for Education","London","2170","2090","50130","53420"
"In post","2021","Department for Education (excl. agencies)","Department for Education","Outside London","3515","3390","40790","36960"
"In post","2021","Department for Education (excl. agencies)","Department for Education","Unknown","10","10","56650","56930"
"In post","2021","Department for Environment, Food and Rural Affairs (excl. agencies)","Department for Environment, Food and Rural Affairs","London","2485","2415","45270","39830"
"In post","2021","Department for Environment, Food and Rural Affairs (excl. agencies)","Department for Environment, Food and Rural Affairs","Outside London","2920","2795","40080","36970"
"In post","2021","Department for International Trade","Department for International Trade","London","2315","2295","45240","38950"
"In post","2021","Department for International Trade","Department for International Trade","Outside London","215","215","44440","40300"
"In post","2021","Department for International Trade","Department for International Trade","Overseas","155","155","56610","54470"
"In post","2021","Department for Transport (excl. agencies)","Department for Transport","London","3065","2995","48330","43800"
"In post","2021","Department for Transport (excl. agencies)","Department for Transport","Outside London","445","425","43830","34030"
"In post","2021","Department for Transport (excl. agencies)","Department for Transport","Overseas","[c]","[c]","[c]","[c]"
"In post","2021","Department for Work and Pensions (excl. agencies)","Department for Work and Pensions","London","10025","9385","33600","31060"
"In post","2021","Department for Work and Pensions (excl. agencies)","Department for Work and Pensions","Outside London","80025","71195","26870","27570"
"In post","2021","Department for Work and Pensions (excl. agencies)","Department for Work and Pensions","Unknown","900","835","30410","27570"
"In post","2021","Department of Health and Social Care (excl. agencies)","Department of Health and Social Care","London","2445","2395","48400","41890"
"In post","2021","Department of Health and Social Care (excl. agencies)","Department of Health and Social Care","Outside London","1075","1040","42860","37630"
"In post","2021","Disclosure Scotland","Scottish Government","Outside London","310","290","28110","23170"
"In post","2021","Driver and Vehicle Licensing Agency","Department for Transport","Outside London","6225","5490","26100","21590"
"In post","2021","Driver and Vehicle Standards Agency","Department for Transport","London","360","345","32170","30780"
"In post","2021","Driver and Vehicle Standards Agency","Department for Transport","Outside London","4425","4170","29450","26780"
"In post","2021","Education and Skills Funding Agency","Department for Education","London","310","300","50270","53420"
"In post","2021","Education and Skills Funding Agency","Department for Education","Outside London","1505","1455","40140","36960"
"In post","2021","Education and Skills Funding Agency","Department for Education","Unknown","[c]","[c]","[c]","[c]"
"In post","2021","Education Scotland","Scottish Government","Outside London","315","300","55840","61010"
"In post","2021","ESTYN","ESTYN","Outside London","115","105","58000","74730"
"In post","2021","FCDO Services","Foreign, Commonwealth and Development Office","London","170","165","47700","44410"
"In post","2021","FCDO Services","Foreign, Commonwealth and Development Office","Outside London","770","740","38770","34760"
"In post","2021","FCDO Services","Foreign, Commonwealth and Development Office","Overseas","135","135","40180","39870"
"In post","2021","Food Standards Agency","Food Standards Agency","London","470","460","42510","40350"
"In post","2021","Food Standards Agency","Food Standards Agency","Outside London","840","815","34340","30350"
"In post","2021","Food Standards Scotland","Scottish Government","Outside London","250","245","35100","30650"
"In post","2021","Foreign, Commonwealth and Development Office (excl. agencies)","Foreign, Commonwealth and Development Office","London","4090","3995","49420","44880"
"In post","2021","Foreign, Commonwealth and Development Office (excl. agencies)","Foreign, Commonwealth and Development Office","Outside London","1240","1200","38570","33930"
"In post","2021","Foreign, Commonwealth and Development Office (excl. agencies)","Foreign, Commonwealth and Development Office","Overseas","2145","2140","52770","54080"
"In post","2021","Forestry and Land Scotland","Scottish Government","Outside London","990","955","31490","29140"
"In post","2021","Government Actuary's Department","Chancellor's other departments","London","200","190","64910","57250"
"In post","2021","Government Actuary's Department","Chancellor's other departments","Outside London","5","5","[c]","[c]"
"In post","2021","Government Internal Audit Agency","HM Treasury","London","175","170","52670","51290"
"In post","2021","Government Internal Audit Agency","HM Treasury","Outside London","280","265","46080","43870"
"In post","2021","Government Legal Department","Attorney General's Departments","London","2440","2275","54510","52040"
"In post","2021","Government Legal Department","Attorney General's Departments","Outside London","90","80","56130","54740"
"In post","2021","Government Property Agency","Other Cabinet Office Agencies","London","80","80","50750","54180"
"In post","2021","Government Property Agency","Other Cabinet Office Agencies","Outside London","120","120","48720","49700"
"In post","2021","Government Property Agency","Other Cabinet Office Agencies","Unknown","10","10","[c]","[c]"
"In post","2021","Health and Safety Executive","Department for Work and Pensions","London","155","150","49050","45610"
"In post","2021","Health and Safety Executive","Department for Work and Pensions","Outside London","2420","2270","42910","40230"
"In post","2021","HM Courts and Tribunals Service","Ministry of Justice","London","4445","4195","28770","23500"
"In post","2021","HM Courts and Tribunals Service","Ministry of Justice","Outside London","12145","10800","23260","20100"
"In post","2021","HM Courts and Tribunals Service","Ministry of Justice","Unknown","15","15","20040","19930"
"In post","2021","HM Land Registry","HM Land Registry","London","375","355","41430","37290"
"In post","2021","HM Land Registry","HM Land Registry","Outside London","5975","5410","30440","27130"
"In post","2021","HM Prison and Probation Service","Ministry of Justice","London","6460","6260","35690","33260"
"In post","2021","HM Prison and Probation Service","Ministry of Justice","Outside London","47570","44770","29480","27850"
"In post","2021","HM Prison and Probation Service","Ministry of Justice","Unknown","[c]","[c]","[c]","[c]"
"In post","2021","HM Revenue and Customs (excl. agencies)","HM Revenue and Customs","London","8055","7660","43380","36240"
"In post","2021","HM Revenue and Customs (excl. agencies)","HM Revenue and Customs","Outside London","54885","50150","29390","25560"
"In post","2021","HM Treasury (excl. agencies)","HM Treasury","London","1955","1920","47850","52500"
"In post","2021","HM Treasury (excl. agencies)","HM Treasury","Outside London","65","65","29430","23780"
"In post","2021","Home Office (incl. agencies)","Home Office","London","13330","12600","39800","35070"
"In post","2021","Home Office (incl. agencies)","Home Office","Outside London","21695","19940","27180","25040"
"In post","2021","Home Office (incl. agencies)","Home Office","Overseas","330","325","28290","27370"
"In post","2021","Home Office (incl. agencies)","Home Office","Unknown","15","15","44290","30410"
"In post","2021","Insolvency Service","Department for Business, Energy and Industrial Strategy","London","315","300","40670","38510"
"In post","2021","Insolvency Service","Department for Business, Energy and Industrial Strategy","Outside London","1495","1430","31000","26410"
"In post","2021","Institute for Apprenticeships and Technical Education","Department for Education","London","105","105","53820","53950"
"In post","2021","Institute for Apprenticeships and Technical Education","Department for Education","Outside London","105","105","44680","49960"
"In post","2021","Legal Aid Agency","Ministry of Justice","London","170","165","44760","40530"
"In post","2021","Legal Aid Agency","Ministry of Justice","Outside London","1020","955","25710","21750"
"In post","2021","Maritime and Coastguard Agency","Department for Transport","London","10","10","[c]","[c]"
"In post","2021","Maritime and Coastguard Agency","Department for Transport","Outside London","1220","1175","37070","32180"
"In post","2021","Medicines and Healthcare Products Regulatory Agency","Department of Health and Social Care","London","1005","970","49410","41770"
"In post","2021","Medicines and Healthcare Products Regulatory Agency","Department of Health and Social Care","Outside London","320","315","44060","41010"
"In post","2021","Met Office","Department for Business, Energy and Industrial Strategy","London","40","40","42640","41980"
"In post","2021","Met Office","Department for Business, Energy and Industrial Strategy","Outside London","2025","1935","40030","39650"
"In post","2021","Met Office","Department for Business, Energy and Industrial Strategy","Overseas","30","30","40460","41750"
"In post","2021","Ministry of Defence (excl. agencies)","Ministry of Defence","London","3710","3630","42120","37940"
"In post","2021","Ministry of Defence (excl. agencies)","Ministry of Defence","Outside London","33045","31875","30860","26670"
"In post","2021","Ministry of Defence (excl. agencies)","Ministry of Defence","Overseas","720","720","42550","40580"
"In post","2021","Ministry of Defence (excl. agencies)","Ministry of Defence","Unknown","220","210","33630","28120"
"In post","2021","Ministry of Housing, Communities and Local Government (excl. agencies)","Ministry of Housing, Communities and Local Government","London","1825","1790","48450","53130"
"In post","2021","Ministry of Housing, Communities and Local Government (excl. agencies)","Ministry of Housing, Communities and Local Government","Outside London","680","650","39350","36340"
"In post","2021","Ministry of Justice (excl. agencies)","Ministry of Justice","London","3520","3435","44400","39530"
"In post","2021","Ministry of Justice (excl. agencies)","Ministry of Justice","Outside London","1815","1760","37310","33460"
"In post","2021","Ministry of Justice (excl. agencies)","Ministry of Justice","Unknown","5","5","[c]","[c]"
"In post","2021","National Crime Agency","National Crime Agency","London","1650","1615","43860","40170"
"In post","2021","National Crime Agency","National Crime Agency","Outside London","3600","3510","37220","36410"
"In post","2021","National Crime Agency","National Crime Agency","Overseas","130","130","66390","64330"
"In post","2021","National Crime Agency","National Crime Agency","Unknown","105","100","45080","44910"
"In post","2021","National Infrastructure Commission","HM Treasury","London","45","40","53900","52360"
"In post","2021","National Records of Scotland","Scottish Government","Outside London","435","410","34520","32140"
"In post","2021","National Savings and Investments","Chancellor's other departments","London","160","155","52510","47410"
"In post","2021","National Savings and Investments","Chancellor's other departments","Outside London","40","40","47340","43420"
"In post","2021","Northern Ireland Office","Northern Ireland Office","London","75","75","50360","47630"
"In post","2021","Northern Ireland Office","Northern Ireland Office","Outside London","85","85","38110","34990"
"In post","2021","Office for Budget Responsibility","HM Treasury","London","35","35","51010","54690"
"In post","2021","Office for Standards in Education, Children's Services and Skills","Office for Standards in Education","London","450","440","56860","51360"
"In post","2021","Office for Standards in Education, Children's Services and Skills","Office for Standards in Education","Outside London","1330","1275","46760","39850"
"In post","2021","Office of Gas and Electricity Markets","Office of Gas and Electricity Markets","London","670","655","51150","47180"
"In post","2021","Office of Gas and Electricity Markets","Office of Gas and Electricity Markets","Outside London","510","505","36450","31720"
"In post","2021","Office of Qualifications and Examinations Regulation","Office of Qualifications and Examinations Regulation","Outside London","260","250","45520","40580"
"In post","2021","Office of Rail and Road","Office of Rail and Road","London","210","200","55460","55430"
"In post","2021","Office of Rail and Road","Office of Rail and Road","Outside London","115","115","51850","51660"
"In post","2021","Office of the Public Guardian","Ministry of Justice","London","10","10","[c]","[c]"
"In post","2021","Office of the Public Guardian","Ministry of Justice","Outside London","1410","1305","22020","19930"
"In post","2021","Office of the Scottish Charity Regulator","Scottish Government","Outside London","50","45","37670","33620"
"In post","2021","Planning Inspectorate","Ministry of Housing, Communities and Local Government","Outside London","855","780","43430","42500"
"In post","2021","Public Health England","Department of Health and Social Care","London","2975","2740","47200","40810"
"In post","2021","Public Health England","Department of Health and Social Care","Outside London","3935","3575","41400","36330"
"In post","2021","Queen Elizabeth II Centre","Ministry of Housing, Communities and Local Government","London","40","40","41060","34720"
"In post","2021","Registers of Scotland","Scottish Government","Outside London","1160","1115","32880","30080"
"In post","2021","Revenue Scotland","Scottish Government","Outside London","55","55","43440","38540"
"In post","2021","Royal Fleet Auxiliary","Ministry of Defence","Unknown","1835","1835","37620","34460"
"In post","2021","Rural Payments Agency","Department for Environment, Food and Rural Affairs","London","[c]","[c]","[c]","[c]"
"In post","2021","Rural Payments Agency","Department for Environment, Food and Rural Affairs","Outside London","2175","1990","26580","24920"
"In post","2021","Scotland Office (incl. Office of the Advocate General for Scotland)","Scotland Office","London","35","35","48050","43960"
"In post","2021","Scotland Office (incl. Office of the Advocate General for Scotland)","Scotland Office","Outside London","80","80","47970","46600"
"In post","2021","Scottish Courts and Tribunals Service","Scottish Government","Outside London","1800","1630","27930","22820"
"In post","2021","Scottish Fiscal Commission","Scottish Government","Outside London","20","20","47760","46600"
"In post","2021","Scottish Forestry","Scottish Government","Outside London","190","180","35290","35330"
"In post","2021","Scottish Government (excl. agencies)","Scottish Government","London","20","20","56350","46600"
"In post","2021","Scottish Government (excl. agencies)","Scottish Government","Outside London","7785","7455","43000","38540"
"In post","2021","Scottish Government (excl. agencies)","Scottish Government","Overseas","15","15","76280","70780"
"In post","2021","Scottish Housing Regulator","Scottish Government","Outside London","50","45","54160","52480"
"In post","2021","Scottish Prison Service","Scottish Government","Outside London","4485","4205","31750","33650"
"In post","2021","Scottish Public Pensions Agency","Scottish Government","Outside London","285","260","29650","26160"
"In post","2021","Serious Fraud Office","Attorney General's Departments","London","490","480","46240","40700"
"In post","2021","Social Security Scotland","Scottish Government","Outside London","1135","1100","31620","26650"
"In post","2021","Standards and Testing Agency","Department for Education","London","45","40","49170","45850"
"In post","2021","Standards and Testing Agency","Department for Education","Outside London","85","80","40450","36960"
"In post","2021","Student Awards Agency for Scotland","Scottish Government","Outside London","240","230","29770","26160"
"In post","2021","Submarine Delivery Agency","Ministry of Defence","London","[c]","[c]","[c]","[c]"
"In post","2021","Submarine Delivery Agency","Ministry of Defence","Outside London","1765","1725","41590","39860"
"In post","2021","Submarine Delivery Agency","Ministry of Defence","Overseas","25","25","37770","36710"
"In post","2021","Teaching Regulation Agency","Department for Education","Outside London","75","70","31490","29360"
"In post","2021","The National Archives","The National Archives","London","545","515","35580","33330"
"In post","2021","Transport Scotland","Scottish Government","Outside London","495","480","44230","42190"
"In post","2021","UK Export Finance","UK Export Finance","London","400","390","53500","48830"
"In post","2021","UK Hydrographic Office","Ministry of Defence","Outside London","840","800","34690","33290"
"In post","2021","UK Hydrographic Office","Ministry of Defence","Overseas","[c]","[c]","[c]","[c]"
"In post","2021","UK Intellectual Property Office","Department for Business, Energy and Industrial Strategy","London","25","20","50230","59400"
"In post","2021","UK Intellectual Property Office","Department for Business, Energy and Industrial Strategy","Outside London","1490","1410","37580","31010"
"In post","2021","UK Space Agency","Department for Business, Energy and Industrial Strategy","London","135","135","47220","40220"
"In post","2021","UK Space Agency","Department for Business, Energy and Industrial Strategy","Outside London","120","120","46510","49080"
"In post","2021","UK Supreme Court","UK Supreme Court","London","55","55","38600","35150"
"In post","2021","United Kingdom Statistics Authority","United Kingdom Statistics Authority","London","385","380","42630","32540"
"In post","2021","United Kingdom Statistics Authority","United Kingdom Statistics Authority","Outside London","5165","4580","31780","29540"
"In post","2021","Valuation Office Agency","HM Revenue and Customs","London","670","635","40560","36400"
"In post","2021","Valuation Office Agency","HM Revenue and Customs","Outside London","2870","2645","32110","26500"
"In post","2021","Vehicle Certification Agency","Department for Transport","Outside London","200","190","34670","34290"
"In post","2021","Vehicle Certification Agency","Department for Transport","Overseas","10","10","[c]","[c]"
"In post","2021","Veterinary Medicines Directorate","Department for Environment, Food and Rural Affairs","Outside London","165","165","42670","38820"
"In post","2021","Wales Office","Wales Office","London","20","20","48370","51210"
"In post","2021","Wales Office","Wales Office","Outside London","20","20","44180","38370"
"In post","2021","Water Services Regulation Authority","Water Services Regulation Authority","London","75","70","69430","66360"
"In post","2021","Water Services Regulation Authority","Water Services Regulation Authority","Outside London","175","170","50620","47390"
"In post","2021","Welsh Government (excl. agencies)","Welsh Government","London","5","5","[c]","[c]"
"In post","2021","Welsh Government (excl. agencies)","Welsh Government","Outside London","5685","5375","40950","37410"
"In post","2021","Welsh Government (excl. agencies)","Welsh Government","Overseas","10","10","58170","60830"
"In post","2021","Welsh Revenue Authority","Welsh Government","Outside London","70","70","45660","43760"
"In post","2021","Wilton Park","Foreign, Commonwealth and Development Office","Outside London","85","80","34080","29410"
"Leaver CS","2021","Accountant in Bankruptcy","Scottish Government","Outside London","10","[c]","27570","22230"
"Leaver CS","2021","Advisory, Conciliation and Arbitration Service","Department for Business, Energy and Industrial Strategy","London","10","[c]","[c]","[c]"
"Leaver CS","2021","Advisory, Conciliation and Arbitration Service","Department for Business, Energy and Industrial Strategy","Outside London","40","[c]","26980","24250"
"Leaver CS","2021","Animal and Plant Health Agency","Department for Environment, Food and Rural Affairs","London","[c]","[c]","[c]","[c]"
"Leaver CS","2021","Animal and Plant Health Agency","Department for Environment, Food and Rural Affairs","Outside London","135","[c]","28420","24370"
"Leaver CS","2021","Animal and Plant Health Agency","Department for Environment, Food and Rural Affairs","Unknown","[c]","[c]","[c]","[c]"
"Leaver CS","2021","Attorney General's Office","Attorney General's Departments","London","[c]","[c]","[c]","[c]"
"Leaver CS","2021","Cabinet Office (excl. agencies)","Cabinet Office","London","200","[c]","49410","43180"
"Leaver CS","2021","Cabinet Office (excl. agencies)","Cabinet Office","Outside London","60","[c]","28640","26220"
"Leaver CS","2021","Cabinet Office (excl. agencies)","Cabinet Office","Unknown","120","[c]","54570","38670"
"Leaver CS","2021","Centre for Environment, Fisheries and Aquaculture Science","Department for Environment, Food and Rural Affairs","Outside London","40","[c]","35240","29750"
"Leaver CS","2021","Charity Commission","Charity Commission","London","10","[c]","45490","36740"
"Leaver CS","2021","Charity Commission","Charity Commission","Outside London","25","[c]","36890","32290"
"Leaver CS","2021","Companies House","Department for Business, Energy and Industrial Strategy","Outside London","40","[c]","33370","30810"
"Leaver CS","2021","Competition and Markets Authority","Competition and Markets Authority","London","75","[c]","52540","46330"
"Leaver CS","2021","Competition and Markets Authority","Competition and Markets Authority","Outside London","[c]","[c]","[c]","[c]"
"Leaver CS","2021","Criminal Injuries Compensation Authority","Ministry of Justice","Outside London","10","[c]","32010","25530"
"Leaver CS","2021","Crown Commercial Service","Other Cabinet Office Agencies","London","5","[c]","[c]","[c]"
"Leaver CS","2021","Crown Commercial Service","Other Cabinet Office Agencies","Outside London","35","[c]","36630","32290"
"Leaver CS","2021","Crown Office and Procurator Fiscal Service","Scottish Government","Outside London","85","[c]","32070","22220"
"Leaver CS","2021","Crown Prosecution Service","Attorney General's Departments","London","65","[c]","46420","50520"
"Leaver CS","2021","Crown Prosecution Service","Attorney General's Departments","Outside London","200","[c]","42740","50680"
"Leaver CS","2021","Crown Prosecution Service Inspectorate","Attorney General's Departments","London","[c]","[c]","[c]","[c]"
"Leaver CS","2021","Crown Prosecution Service Inspectorate","Attorney General's Departments","Outside London","[c]","[c]","[c]","[c]"
"Leaver CS","2021","Debt Management Office","HM Treasury","London","5","[c]","[c]","[c]"
"Leaver CS","2021","Defence Electronics and Components Agency","Ministry of Defence","Outside London","10","[c]","[c]","[c]"
"Leaver CS","2021","Defence Equipment and Support","Ministry of Defence","London","15","[c]","27800","21800"
"Leaver CS","2021","Defence Equipment and Support","Ministry of Defence","Outside London","450","[c]","34930","31950"
"Leaver CS","2021","Defence Equipment and Support","Ministry of Defence","Overseas","[c]","[c]","[c]","[c]"
"Leaver CS","2021","Defence Equipment and Support","Ministry of Defence","Unknown","[c]","[c]","[c]","[c]"
"Leaver CS","2021","Defence Science and Technology Laboratory","Ministry of Defence","Outside London","210","[c]","31160","28650"
"Leaver CS","2021","Department for Business, Energy and Industrial Strategy (excl. agencies)","Department for Business, Energy and Industrial Strategy","London","195","[c]","48990","40730"
"Leaver CS","2021","Department for Business, Energy and Industrial Strategy (excl. agencies)","Department for Business, Energy and Industrial Strategy","Outside London","10","[c]","42850","47800"
"Leaver CS","2021","Department for Digital, Culture, Media and Sport","Department for Digital, Culture, Media and Sport","London","80","[c]","47140","37330"
"Leaver CS","2021","Department for Education (excl. agencies)","Department for Education","London","140","[c]","46610","40940"
"Leaver CS","2021","Department for Education (excl. agencies)","Department for Education","Outside London","145","[c]","39990","36960"
"Leaver CS","2021","Department for Education (excl. agencies)","Department for Education","Unknown","[c]","[c]","[c]","[c]"
"Leaver CS","2021","Department for Environment, Food and Rural Affairs (excl. agencies)","Department for Environment, Food and Rural Affairs","London","145","[c]","38410","33050"
"Leaver CS","2021","Department for Environment, Food and Rural Affairs (excl. agencies)","Department for Environment, Food and Rural Affairs","Outside London","120","[c]","37860","35900"
"Leaver CS","2021","Department for International Development","Foreign, Commonwealth and Development Office","London","10","[c]","54200","56860"
"Leaver CS","2021","Department for International Development","Foreign, Commonwealth and Development Office","Outside London","10","[c]","[c]","[c]"
"Leaver CS","2021","Department for International Development","Foreign, Commonwealth and Development Office","Overseas","5","[c]","[c]","[c]"
"Leaver CS","2021","Department for International Trade","Department for International Trade","London","135","[c]","37430","31220"
"Leaver CS","2021","Department for International Trade","Department for International Trade","Outside London","10","[c]","47020","37410"
"Leaver CS","2021","Department for Transport (excl. agencies)","Department for Transport","London","90","[c]","42620","35430"
"Leaver CS","2021","Department for Transport (excl. agencies)","Department for Transport","Outside London","15","[c]","46640","31070"
"Leaver CS","2021","Department for Work and Pensions (excl. agencies)","Department for Work and Pensions","London","490","[c]","32330","31060"
"Leaver CS","2021","Department for Work and Pensions (excl. agencies)","Department for Work and Pensions","Outside London","3855","[c]","25710","25490"
"Leaver CS","2021","Department for Work and Pensions (excl. agencies)","Department for Work and Pensions","Unknown","50","[c]","25410","26890"
"Leaver CS","2021","Department of Health and Social Care (excl. agencies)","Department of Health and Social Care","London","125","[c]","[c]","[c]"
"Leaver CS","2021","Department of Health and Social Care (excl. agencies)","Department of Health and Social Care","Outside London","60","[c]","[c]","[c]"
"Leaver CS","2021","Disclosure Scotland","Scottish Government","Outside London","10","[c]","[c]","[c]"
"Leaver CS","2021","Driver and Vehicle Licensing Agency","Department for Transport","Outside London","280","[c]","23360","21590"
"Leaver CS","2021","Driver and Vehicle Standards Agency","Department for Transport","London","20","[c]","31660","30540"
"Leaver CS","2021","Driver and Vehicle Standards Agency","Department for Transport","Outside London","205","[c]","28230","26470"
"Leaver CS","2021","Education and Skills Funding Agency","Department for Education","London","10","[c]","47680","42660"
"Leaver CS","2021","Education and Skills Funding Agency","Department for Education","Outside London","45","[c]","41550","36780"
"Leaver CS","2021","Education Scotland","Scottish Government","Outside London","20","[c]","63420","69160"
"Leaver CS","2021","ESTYN","ESTYN","Outside London","5","[c]","[c]","[c]"
"Leaver CS","2021","FCDO Services","Foreign, Commonwealth and Development Office","London","15","[c]","42960","33910"
"Leaver CS","2021","FCDO Services","Foreign, Commonwealth and Development Office","Outside London","55","[c]","38500","33030"
"Leaver CS","2021","Food Standards Agency","Food Standards Agency","London","20","[c]","39160","38060"
"Leaver CS","2021","Food Standards Agency","Food Standards Agency","Outside London","35","[c]","36100","31580"
"Leaver CS","2021","Food Standards Scotland","Scottish Government","Outside London","10","[c]","38090","35900"
"Leaver CS","2021","Foreign and Commonwealth Office (excl. agencies)","Foreign, Commonwealth and Development Office","London","40","[c]","[c]","[c]"
"Leaver CS","2021","Foreign and Commonwealth Office (excl. agencies)","Foreign, Commonwealth and Development Office","Outside London","5","[c]","[c]","[c]"
"Leaver CS","2021","Foreign and Commonwealth Office (excl. agencies)","Foreign, Commonwealth and Development Office","Overseas","10","[c]","[c]","[c]"
"Leaver CS","2021","Foreign, Commonwealth and Development Office (excl. agencies)","Foreign, Commonwealth and Development Office","London","70","[c]","55550","58030"
"Leaver CS","2021","Foreign, Commonwealth and Development Office (excl. agencies)","Foreign, Commonwealth and Development Office","Outside London","25","[c]","39020","39410"
"Leaver CS","2021","Foreign, Commonwealth and Development Office (excl. agencies)","Foreign, Commonwealth and Development Office","Overseas","15","[c]","[c]","[c]"
"Leaver CS","2021","Forestry and Land Scotland","Scottish Government","Outside London","65","[c]","30150","28120"
"Leaver CS","2021","Government Actuary's Department","Chancellor's other departments","London","20","[c]","41970","32730"
"Leaver CS","2021","Government Internal Audit Agency","HM Treasury","London","5","[c]","[c]","[c]"
"Leaver CS","2021","Government Internal Audit Agency","HM Treasury","Outside London","25","[c]","[c]","[c]"
"Leaver CS","2021","Government Legal Department","Attorney General's Departments","London","105","[c]","55770","53070"
"Leaver CS","2021","Government Legal Department","Attorney General's Departments","Outside London","[c]","[c]","[c]","[c]"
"Leaver CS","2021","Government Property Agency","Other Cabinet Office Agencies","London","[c]","[c]","[c]","[c]"
"Leaver CS","2021","Government Property Agency","Other Cabinet Office Agencies","Outside London","[c]","[c]","[c]","[c]"
"Leaver CS","2021","Government Property Agency","Other Cabinet Office Agencies","Unknown","10","[c]","[c]","[c]"
"Leaver CS","2021","Health and Safety Executive","Department for Work and Pensions","London","10","[c]","63780","56340"
"Leaver CS","2021","Health and Safety Executive","Department for Work and Pensions","Outside London","115","[c]","41650","41350"
"Leaver CS","2021","HM Courts and Tribunals Service","Ministry of Justice","London","325","[c]","28580","23360"
"Leaver CS","2021","HM Courts and Tribunals Service","Ministry of Justice","Outside London","1050","[c]","21930","19930"
"Leaver CS","2021","HM Courts and Tribunals Service","Ministry of Justice","Unknown","10","[c]","[c]","[c]"
"Leaver CS","2021","HM Land Registry","HM Land Registry","London","20","[c]","46370","37290"
"Leaver CS","2021","HM Land Registry","HM Land Registry","Outside London","250","[c]","30540","27130"
"Leaver CS","2021","HM Prison and Probation Service","Ministry of Justice","London","450","[c]","63990","61690"
"Leaver CS","2021","HM Prison and Probation Service","Ministry of Justice","Outside London","3685","[c]","32180","29440"
"Leaver CS","2021","HM Revenue and Customs (excl. agencies)","HM Revenue and Customs","London","605","[c]","[c]","[c]"
"Leaver CS","2021","HM Revenue and Customs (excl. agencies)","HM Revenue and Customs","Outside London","4500","[c]","[c]","[c]"
"Leaver CS","2021","HM Revenue and Customs (excl. agencies)","HM Revenue and Customs","Unknown","330","[c]","[c]","[c]"
"Leaver CS","2021","HM Treasury (excl. agencies)","HM Treasury","London","75","[c]","[c]","[c]"
"Leaver CS","2021","HM Treasury (excl. agencies)","HM Treasury","Outside London","5","[c]","[c]","[c]"
"Leaver CS","2021","Home Office (incl. agencies)","Home Office","London","590","[c]","37520","30410"
"Leaver CS","2021","Home Office (incl. agencies)","Home Office","Outside London","735","[c]","25110","24110"
"Leaver CS","2021","Home Office (incl. agencies)","Home Office","Overseas","5","[c]","[c]","[c]"
"Leaver CS","2021","Home Office (incl. agencies)","Home Office","Unknown","5","[c]","[c]","[c]"
"Leaver CS","2021","Insolvency Service","Department for Business, Energy and Industrial Strategy","London","10","[c]","34800","29000"
"Leaver CS","2021","Insolvency Service","Department for Business, Energy and Industrial Strategy","Outside London","65","[c]","28440","25710"
"Leaver CS","2021","Institute for Apprenticeships and Technical Education","Department for Education","London","[c]","[c]","[c]","[c]"
"Leaver CS","2021","Institute for Apprenticeships and Technical Education","Department for Education","Outside London","[c]","[c]","[c]","[c]"
"Leaver CS","2021","Legal Aid Agency","Ministry of Justice","London","[c]","[c]","[c]","[c]"
"Leaver CS","2021","Legal Aid Agency","Ministry of Justice","Outside London","35","[c]","21940","19930"
"Leaver CS","2021","Legal Aid Agency","Ministry of Justice","Unknown","[c]","[c]","[c]","[c]"
"Leaver CS","2021","Maritime and Coastguard Agency","Department for Transport","Outside London","100","[c]","36950","32700"
"Leaver CS","2021","Medicines and Healthcare Products Regulatory Agency","Department of Health and Social Care","London","80","[c]","47320","40450"
"Leaver CS","2021","Medicines and Healthcare Products Regulatory Agency","Department of Health and Social Care","Outside London","20","[c]","41110","40010"
"Leaver CS","2021","Met Office","Department for Business, Energy and Industrial Strategy","Outside London","85","[c]","[c]","[c]"
"Leaver CS","2021","Met Office","Department for Business, Energy and Industrial Strategy","Overseas","[c]","[c]","[c]","[c]"
"Leaver CS","2021","Ministry of Defence (excl. agencies)","Ministry of Defence","London","130","[c]","43480","37640"
"Leaver CS","2021","Ministry of Defence (excl. agencies)","Ministry of Defence","Outside London","2050","[c]","30240","26930"
"Leaver CS","2021","Ministry of Defence (excl. agencies)","Ministry of Defence","Overseas","85","[c]","39230","36960"
"Leaver CS","2021","Ministry of Defence (excl. agencies)","Ministry of Defence","Unknown","15","[c]","32720","32430"
"Leaver CS","2021","Ministry of Housing, Communities and Local Government (excl. agencies)","Ministry of Housing, Communities and Local Government","London","70","[c]","44730","40750"
"Leaver CS","2021","Ministry of Housing, Communities and Local Government (excl. agencies)","Ministry of Housing, Communities and Local Government","Outside London","25","[c]","37840","30870"
"Leaver CS","2021","Ministry of Justice (excl. agencies)","Ministry of Justice","London","165","[c]","41370","33150"
"Leaver CS","2021","Ministry of Justice (excl. agencies)","Ministry of Justice","Outside London","65","[c]","33740","30380"
"Leaver CS","2021","Ministry of Justice (excl. agencies)","Ministry of Justice","Unknown","[c]","[c]","[c]","[c]"
"Leaver CS","2021","National Crime Agency","National Crime Agency","London","70","[c]","47490","41970"
"Leaver CS","2021","National Crime Agency","National Crime Agency","Outside London","100","[c]","40120","39040"
"Leaver CS","2021","National Crime Agency","National Crime Agency","Overseas","5","[c]","[c]","[c]"
"Leaver CS","2021","National Crime Agency","National Crime Agency","Unknown","[c]","[c]","[c]","[c]"
"Leaver CS","2021","National Infrastructure Commission","HM Treasury","London","[c]","[c]","[c]","[c]"
"Leaver CS","2021","National Records of Scotland","Scottish Government","Outside London","25","[c]","30390","27150"
"Leaver CS","2021","National Savings and Investments","Chancellor's other departments","London","15","[c]","50890","43750"
"Leaver CS","2021","National Savings and Investments","Chancellor's other departments","Outside London","[c]","[c]","[c]","[c]"
"Leaver CS","2021","Northern Ireland Office","Northern Ireland Office","London","5","[c]","[c]","[c]"
"Leaver CS","2021","Northern Ireland Office","Northern Ireland Office","Outside London","[c]","[c]","[c]","[c]"
"Leaver CS","2021","Office for Budget Responsibility","HM Treasury","London","[c]","[c]","[c]","[c]"
"Leaver CS","2021","Office for Standards in Education, Children's Services and Skills","Office for Standards in Education","London","30","[c]","59110","62810"
"Leaver CS","2021","Office for Standards in Education, Children's Services and Skills","Office for Standards in Education","Outside London","100","[c]","50040","51360"
"Leaver CS","2021","Office of Gas and Electricity Markets","Office of Gas and Electricity Markets","London","55","[c]","51170","45000"
"Leaver CS","2021","Office of Gas and Electricity Markets","Office of Gas and Electricity Markets","Outside London","30","[c]","29570","23450"
"Leaver CS","2021","Office of Qualifications and Examinations Regulation","Office of Qualifications and Examinations Regulation","Outside London","15","[c]","61820","44080"
"Leaver CS","2021","Office of Rail and Road","Office of Rail and Road","London","10","[c]","45980","41360"
"Leaver CS","2021","Office of Rail and Road","Office of Rail and Road","Outside London","5","[c]","[c]","[c]"
"Leaver CS","2021","Office of the Public Guardian","Ministry of Justice","London","[c]","[c]","[c]","[c]"
"Leaver CS","2021","Office of the Public Guardian","Ministry of Justice","Outside London","65","[c]","22550","20530"
"Leaver CS","2021","Office of the Scottish Charity Regulator","Scottish Government","Outside London","[c]","[c]","[c]","[c]"
"Leaver CS","2021","Planning Inspectorate","Ministry of Housing, Communities and Local Government","Outside London","50","[c]","40410","41020"
"Leaver CS","2021","Public Health England","Department of Health and Social Care","London","310","[c]","43310","36950"
"Leaver CS","2021","Public Health England","Department of Health and Social Care","Outside London","435","[c]","38550","31370"
"Leaver CS","2021","Queen Elizabeth II Centre","Ministry of Housing, Communities and Local Government","London","[c]","[c]","[c]","[c]"
"Leaver CS","2021","Registers of Scotland","Scottish Government","Outside London","25","[c]","31340","24130"
"Leaver CS","2021","Revenue Scotland","Scottish Government","Outside London","5","[c]","[c]","[c]"
"Leaver CS","2021","Royal Fleet Auxiliary","Ministry of Defence","Unknown","145","[c]","35020","32400"
"Leaver CS","2021","Rural Payments Agency","Department for Environment, Food and Rural Affairs","Outside London","95","[c]","25660","22800"
"Leaver CS","2021","Scotland Office (incl. Office of the Advocate General for Scotland)","Scotland Office","London","[c]","[c]","[c]","[c]"
"Leaver CS","2021","Scotland Office (incl. Office of the Advocate General for Scotland)","Scotland Office","Outside London","5","[c]","[c]","[c]"
"Leaver CS","2021","Scottish Courts and Tribunals Service","Scottish Government","Outside London","105","[c]","27950","22820"
"Leaver CS","2021","Scottish Fiscal Commission","Scottish Government","Outside London","[c]","[c]","[c]","[c]"
"Leaver CS","2021","Scottish Forestry","Scottish Government","Outside London","15","[c]","30680","30160"
"Leaver CS","2021","Scottish Government (excl. agencies)","Scottish Government","London","[c]","[c]","[c]","[c]"
"Leaver CS","2021","Scottish Government (excl. agencies)","Scottish Government","Outside London","270","[c]","41780","35110"
"Leaver CS","2021","Scottish Government (excl. agencies)","Scottish Government","Overseas","[c]","[c]","[c]","[c]"
"Leaver CS","2021","Scottish Housing Regulator","Scottish Government","Outside London","[c]","[c]","[c]","[c]"
"Leaver CS","2021","Scottish Prison Service","Scottish Government","Outside London","235","[c]","32460","33650"
"Leaver CS","2021","Scottish Public Pensions Agency","Scottish Government","Outside London","5","[c]","[c]","[c]"
"Leaver CS","2021","Serious Fraud Office","Attorney General's Departments","London","25","[c]","44100","35290"
"Leaver CS","2021","Social Security Scotland","Scottish Government","Outside London","25","[c]","28020","22230"
"Leaver CS","2021","Standards and Testing Agency","Department for Education","Outside London","[c]","[c]","[c]","[c]"
"Leaver CS","2021","Student Awards Agency for Scotland","Scottish Government","Outside London","5","[c]","[c]","[c]"
"Leaver CS","2021","Submarine Delivery Agency","Ministry of Defence","Outside London","50","[c]","39000","39070"
"Leaver CS","2021","The National Archives","The National Archives","London","35","[c]","31670","24070"
"Leaver CS","2021","Transport Scotland","Scottish Government","Outside London","15","[c]","49470","46600"
"Leaver CS","2021","UK Export Finance","UK Export Finance","London","25","[c]","46300","44760"
"Leaver CS","2021","UK Hydrographic Office","Ministry of Defence","Outside London","50","[c]","35220","33290"
"Leaver CS","2021","UK Intellectual Property Office","Department for Business, Energy and Industrial Strategy","Outside London","35","[c]","34800","30800"
"Leaver CS","2021","UK Space Agency","Department for Business, Energy and Industrial Strategy","London","[c]","[c]","[c]","[c]"
"Leaver CS","2021","UK Space Agency","Department for Business, Energy and Industrial Strategy","Outside London","10","[c]","[c]","[c]"
"Leaver CS","2021","UK Supreme Court","UK Supreme Court","London","15","[c]","37330","36500"
"Leaver CS","2021","United Kingdom Statistics Authority","United Kingdom Statistics Authority","London","15","[c]","34350","32540"
"Leaver CS","2021","United Kingdom Statistics Authority","United Kingdom Statistics Authority","Outside London","285","[c]","28370","21680"
"Leaver CS","2021","Valuation Office Agency","HM Revenue and Customs","London","40","[c]","35940","29410"
"Leaver CS","2021","Valuation Office Agency","HM Revenue and Customs","Outside London","225","[c]","28710","25500"
"Leaver CS","2021","Vehicle Certification Agency","Department for Transport","Outside London","15","[c]","35560","35370"
"Leaver CS","2021","Veterinary Medicines Directorate","Department for Environment, Food and Rural Affairs","Outside London","15","[c]","39120","38900"
"Leaver CS","2021","Wales Office","Wales Office","London","[c]","[c]","[c]","[c]"
"Leaver CS","2021","Wales Office","Wales Office","Outside London","[c]","[c]","[c]","[c]"
"Leaver CS","2021","Water Services Regulation Authority","Water Services Regulation Authority","London","[c]","[c]","[c]","[c]"
"Leaver CS","2021","Water Services Regulation Authority","Water Services Regulation Authority","Outside London","30","[c]","51600","44480"
"Leaver CS","2021","Welsh Government (excl. agencies)","Welsh Government","Outside London","140","[c]","42910","37410"
"Leaver CS","2021","Welsh Revenue Authority","Welsh Government","Outside London","[c]","[c]","[c]","[c]"
"Leaver CS","2021","Wilton Park","Foreign, Commonwealth and Development Office","Outside London","15","[c]","38460","28680"
"Leaver Dept.","2021","Advisory, Conciliation and Arbitration Service","Department for Business, Energy and Industrial Strategy","London","5","[c]","[c]","[c]"
"Leaver Dept.","2021","Advisory, Conciliation and Arbitration Service","Department for Business, Energy and Industrial Strategy","Outside London","35","[c]","25580","24250"
"Leaver Dept.","2021","Animal and Plant Health Agency","Department for Environment, Food and Rural Affairs","Outside London","55","[c]","23980","21050"
"Leaver Dept.","2021","Attorney General's Office","Attorney General's Departments","London","15","[c]","50820","51250"
"Leaver Dept.","2021","Cabinet Office (excl. agencies)","Cabinet Office","London","660","[c]","46010","40600"
"Leaver Dept.","2021","Cabinet Office (excl. agencies)","Cabinet Office","Outside London","95","[c]","31410","30230"
"Leaver Dept.","2021","Cabinet Office (excl. agencies)","Cabinet Office","Unknown","635","[c]","34640","32000"
"Leaver Dept.","2021","Centre for Environment, Fisheries and Aquaculture Science","Department for Environment, Food and Rural Affairs","London","[c]","[c]","[c]","[c]"
"Leaver Dept.","2021","Centre for Environment, Fisheries and Aquaculture Science","Department for Environment, Food and Rural Affairs","Outside London","[c]","[c]","[c]","[c]"
"Leaver Dept.","2021","Charity Commission","Charity Commission","London","10","[c]","[c]","[c]"
"Leaver Dept.","2021","Charity Commission","Charity Commission","Outside London","10","[c]","[c]","[c]"
"Leaver Dept.","2021","Companies House","Department for Business, Energy and Industrial Strategy","London","[c]","[c]","[c]","[c]"
"Leaver Dept.","2021","Companies House","Department for Business, Energy and Industrial Strategy","Outside London","15","[c]","28960","27460"
"Leaver Dept.","2021","Competition and Markets Authority","Competition and Markets Authority","London","25","[c]","43390","34870"
"Leaver Dept.","2021","Competition and Markets Authority","Competition and Markets Authority","Outside London","[c]","[c]","[c]","[c]"
"Leaver Dept.","2021","Criminal Injuries Compensation Authority","Ministry of Justice","Outside London","20","[c]","26330","25620"
"Leaver Dept.","2021","Crown Commercial Service","Other Cabinet Office Agencies","London","[c]","[c]","[c]","[c]"
"Leaver Dept.","2021","Crown Commercial Service","Other Cabinet Office Agencies","Outside London","15","[c]","38560","34800"
"Leaver Dept.","2021","Crown Office and Procurator Fiscal Service","Scottish Government","Outside London","10","[c]","[c]","[c]"
"Leaver Dept.","2021","Crown Prosecution Service","Attorney General's Departments","London","30","[c]","36950","31560"
"Leaver Dept.","2021","Crown Prosecution Service","Attorney General's Departments","Outside London","40","[c]","37320","30130"
"Leaver Dept.","2021","Crown Prosecution Service Inspectorate","Attorney General's Departments","London","[c]","[c]","[c]","[c]"
"Leaver Dept.","2021","Crown Prosecution Service Inspectorate","Attorney General's Departments","Outside London","[c]","[c]","[c]","[c]"
"Leaver Dept.","2021","Defence Equipment and Support","Ministry of Defence","London","[c]","[c]","[c]","[c]"
"Leaver Dept.","2021","Defence Equipment and Support","Ministry of Defence","Outside London","380","[c]","34030","31950"
"Leaver Dept.","2021","Defence Equipment and Support","Ministry of Defence","Overseas","[c]","[c]","[c]","[c]"
"Leaver Dept.","2021","Defence Science and Technology Laboratory","Ministry of Defence","Outside London","60","[c]","39620","37320"
"Leaver Dept.","2021","Department for Business, Energy and Industrial Strategy (excl. agencies)","Department for Business, Energy and Industrial Strategy","London","390","[c]","46970","40220"
"Leaver Dept.","2021","Department for Business, Energy and Industrial Strategy (excl. agencies)","Department for Business, Energy and Industrial Strategy","Outside London","25","[c]","33130","28260"
"Leaver Dept.","2021","Department for Business, Energy and Industrial Strategy (excl. agencies)","Department for Business, Energy and Industrial Strategy","Unknown","40","[c]","50240","51770"
"Leaver Dept.","2021","Department for Digital, Culture, Media and Sport","Department for Digital, Culture, Media and Sport","London","205","[c]","46890","49600"
"Leaver Dept.","2021","Department for Education (excl. agencies)","Department for Education","London","150","[c]","44810","40780"
"Leaver Dept.","2021","Department for Education (excl. agencies)","Department for Education","Outside London","65","[c]","38100","36780"
"Leaver Dept.","2021","Department for Education (excl. agencies)","Department for Education","Unknown","[c]","[c]","[c]","[c]"
"Leaver Dept.","2021","Department for Environment, Food and Rural Affairs (excl. agencies)","Department for Environment, Food and Rural Affairs","London","300","[c]","41790","35710"
"Leaver Dept.","2021","Department for Environment, Food and Rural Affairs (excl. agencies)","Department for Environment, Food and Rural Affairs","Outside London","120","[c]","40970","37240"
"Leaver Dept.","2021","Department for International Development","Foreign, Commonwealth and Development Office","London","10","[c]","49340","52070"
"Leaver Dept.","2021","Department for International Development","Foreign, Commonwealth and Development Office","Outside London","10","[c]","[c]","[c]"
"Leaver Dept.","2021","Department for International Development","Foreign, Commonwealth and Development Office","Overseas","[c]","[c]","[c]","[c]"
"Leaver Dept.","2021","Department for International Trade","Department for International Trade","London","210","[c]","41380","37410"
"Leaver Dept.","2021","Department for International Trade","Department for International Trade","Outside London","15","[c]","42240","37410"
"Leaver Dept.","2021","Department for International Trade","Department for International Trade","Overseas","40","[c]","54120","53060"
"Leaver Dept.","2021","Department for Transport (excl. agencies)","Department for Transport","London","195","[c]","45390","42460"
"Leaver Dept.","2021","Department for Transport (excl. agencies)","Department for Transport","Outside London","5","[c]","[c]","[c]"
"Leaver Dept.","2021","Department for Work and Pensions (excl. agencies)","Department for Work and Pensions","London","215","[c]","39830","31880"
"Leaver Dept.","2021","Department for Work and Pensions (excl. agencies)","Department for Work and Pensions","Outside London","1115","[c]","28210","27570"
"Leaver Dept.","2021","Department for Work and Pensions (excl. agencies)","Department for Work and Pensions","Unknown","20","[c]","29450","27570"
"Leaver Dept.","2021","Department of Health and Social Care (excl. agencies)","Department of Health and Social Care","London","135","[c]","[c]","[c]"
"Leaver Dept.","2021","Department of Health and Social Care (excl. agencies)","Department of Health and Social Care","Outside London","30","[c]","[c]","[c]"
"Leaver Dept.","2021","Driver and Vehicle Licensing Agency","Department for Transport","Outside London","105","[c]","26970","21590"
"Leaver Dept.","2021","Driver and Vehicle Standards Agency","Department for Transport","London","[c]","[c]","[c]","[c]"
"Leaver Dept.","2021","Driver and Vehicle Standards Agency","Department for Transport","Outside London","60","[c]","30790","26700"
"Leaver Dept.","2021","Education and Skills Funding Agency","Department for Education","London","10","[c]","[c]","[c]"
"Leaver Dept.","2021","Education and Skills Funding Agency","Department for Education","Outside London","20","[c]","33930","32300"
"Leaver Dept.","2021","Education Scotland","Scottish Government","Outside London","[c]","[c]","[c]","[c]"
"Leaver Dept.","2021","ESTYN","ESTYN","Outside London","[c]","[c]","[c]","[c]"
"Leaver Dept.","2021","FCDO Services","Foreign, Commonwealth and Development Office","Outside London","[c]","[c]","[c]","[c]"
"Leaver Dept.","2021","Food Standards Agency","Food Standards Agency","London","25","[c]","43910","39660"
"Leaver Dept.","2021","Food Standards Agency","Food Standards Agency","Outside London","10","[c]","42320","37630"
"Leaver Dept.","2021","Food Standards Scotland","Scottish Government","Outside London","[c]","[c]","[c]","[c]"
"Leaver Dept.","2021","Food Standards Scotland","Scottish Government","Unknown","[c]","[c]","[c]","[c]"
"Leaver Dept.","2021","Foreign and Commonwealth Office (excl. agencies)","Foreign, Commonwealth and Development Office","London","65","[c]","[c]","[c]"
"Leaver Dept.","2021","Foreign and Commonwealth Office (excl. agencies)","Foreign, Commonwealth and Development Office","Outside London","[c]","[c]","[c]","[c]"
"Leaver Dept.","2021","Foreign and Commonwealth Office (excl. agencies)","Foreign, Commonwealth and Development Office","Overseas","25","[c]","[c]","[c]"
"Leaver Dept.","2021","Foreign, Commonwealth and Development Office (excl. agencies)","Foreign, Commonwealth and Development Office","London","170","[c]","52790","53000"
"Leaver Dept.","2021","Foreign, Commonwealth and Development Office (excl. agencies)","Foreign, Commonwealth and Development Office","Outside London","20","[c]","47020","43320"
"Leaver Dept.","2021","Foreign, Commonwealth and Development Office (excl. agencies)","Foreign, Commonwealth and Development Office","Overseas","35","[c]","[c]","[c]"
"Leaver Dept.","2021","Forestry and Land Scotland","Scottish Government","Outside London","5","[c]","[c]","[c]"
"Leaver Dept.","2021","Government Actuary's Department","Chancellor's other departments","London","[c]","[c]","[c]","[c]"
"Leaver Dept.","2021","Government Internal Audit Agency","HM Treasury","London","10","[c]","[c]","[c]"
"Leaver Dept.","2021","Government Internal Audit Agency","HM Treasury","Outside London","10","[c]","[c]","[c]"
"Leaver Dept.","2021","Government Legal Department","Attorney General's Departments","London","85","[c]","45810","50500"
"Leaver Dept.","2021","Government Legal Department","Attorney General's Departments","Outside London","[c]","[c]","[c]","[c]"
"Leaver Dept.","2021","Government Property Agency","Other Cabinet Office Agencies","London","5","[c]","[c]","[c]"
"Leaver Dept.","2021","Government Property Agency","Other Cabinet Office Agencies","Outside London","10","[c]","[c]","[c]"
"Leaver Dept.","2021","Government Property Agency","Other Cabinet Office Agencies","Unknown","[c]","[c]","[c]","[c]"
"Leaver Dept.","2021","Health and Safety Executive","Department for Work and Pensions","London","[c]","[c]","[c]","[c]"
"Leaver Dept.","2021","Health and Safety Executive","Department for Work and Pensions","Outside London","35","[c]","39100","30820"
"Leaver Dept.","2021","HM Courts and Tribunals Service","Ministry of Justice","London","115","[c]","32860","26410"
"Leaver Dept.","2021","HM Courts and Tribunals Service","Ministry of Justice","Outside London","260","[c]","23050","19930"
"Leaver Dept.","2021","HM Prison and Probation Service","Ministry of Justice","London","100","[c]","[c]","[c]"
"Leaver Dept.","2021","HM Prison and Probation Service","Ministry of Justice","Outside London","295","[c]","[c]","[c]"
"Leaver Dept.","2021","HM Revenue and Customs (excl. agencies)","HM Revenue and Customs","London","370","[c]","[c]","[c]"
"Leaver Dept.","2021","HM Revenue and Customs (excl. agencies)","HM Revenue and Customs","Outside London","1245","[c]","[c]","[c]"
"Leaver Dept.","2021","HM Revenue and Customs (excl. agencies)","HM Revenue and Customs","Unknown","[c]","[c]","[c]","[c]"
"Leaver Dept.","2021","HM Treasury (excl. agencies)","HM Treasury","London","115","[c]","[c]","[c]"
"Leaver Dept.","2021","HM Treasury (excl. agencies)","HM Treasury","Outside London","[c]","[c]","[c]","[c]"
"Leaver Dept.","2021","Home Office (incl. agencies)","Home Office","London","595","[c]","43720","39290"
"Leaver Dept.","2021","Home Office (incl. agencies)","Home Office","Outside London","480","[c]","27180","24880"
"Leaver Dept.","2021","Insolvency Service","Department for Business, Energy and Industrial Strategy","London","5","[c]","[c]","[c]"
"Leaver Dept.","2021","Insolvency Service","Department for Business, Energy and Industrial Strategy","Outside London","40","[c]","28330","24020"
"Leaver Dept.","2021","Institute for Apprenticeships and Technical Education","Department for Education","London","10","[c]","52660","54090"
"Leaver Dept.","2021","Institute for Apprenticeships and Technical Education","Department for Education","Outside London","[c]","[c]","[c]","[c]"
"Leaver Dept.","2021","Legal Aid Agency","Ministry of Justice","London","[c]","[c]","[c]","[c]"
"Leaver Dept.","2021","Legal Aid Agency","Ministry of Justice","Outside London","25","[c]","21360","19930"
"Leaver Dept.","2021","Maritime and Coastguard Agency","Department for Transport","London","[c]","[c]","[c]","[c]"
"Leaver Dept.","2021","Maritime and Coastguard Agency","Department for Transport","Outside London","35","[c]","31480","30730"
"Leaver Dept.","2021","Medicines and Healthcare Products Regulatory Agency","Department of Health and Social Care","London","15","[c]","47540","53620"
"Leaver Dept.","2021","Met Office","Department for Business, Energy and Industrial Strategy","Outside London","5","[c]","[c]","[c]"
"Leaver Dept.","2021","Ministry of Defence (excl. agencies)","Ministry of Defence","London","140","[c]","47060","45200"
"Leaver Dept.","2021","Ministry of Defence (excl. agencies)","Ministry of Defence","Outside London","235","[c]","34820","33300"
"Leaver Dept.","2021","Ministry of Defence (excl. agencies)","Ministry of Defence","Overseas","15","[c]","40030","39510"
"Leaver Dept.","2021","Ministry of Defence (excl. agencies)","Ministry of Defence","Unknown","[c]","[c]","[c]","[c]"
"Leaver Dept.","2021","Ministry of Housing, Communities and Local Government (excl. agencies)","Ministry of Housing, Communities and Local Government","London","315","[c]","41410","34950"
"Leaver Dept.","2021","Ministry of Housing, Communities and Local Government (excl. agencies)","Ministry of Housing, Communities and Local Government","Outside London","45","[c]","37700","34010"
"Leaver Dept.","2021","Ministry of Justice (excl. agencies)","Ministry of Justice","London","290","[c]","43570","36800"
"Leaver Dept.","2021","Ministry of Justice (excl. agencies)","Ministry of Justice","Outside London","120","[c]","38610","35360"
"Leaver Dept.","2021","National Crime Agency","National Crime Agency","London","40","[c]","50070","47800"
"Leaver Dept.","2021","National Crime Agency","National Crime Agency","Outside London","25","[c]","38130","35850"
"Leaver Dept.","2021","National Infrastructure Commission","HM Treasury","London","10","[c]","[c]","[c]"
"Leaver Dept.","2021","National Records of Scotland","Scottish Government","Outside London","[c]","[c]","[c]","[c]"
"Leaver Dept.","2021","National Savings and Investments","Chancellor's other departments","London","[c]","[c]","[c]","[c]"
"Leaver Dept.","2021","Northern Ireland Office","Northern Ireland Office","London","25","[c]","53440","52850"
"Leaver Dept.","2021","Northern Ireland Office","Northern Ireland Office","Outside London","5","[c]","[c]","[c]"
"Leaver Dept.","2021","Office for Budget Responsibility","HM Treasury","London","5","[c]","[c]","[c]"
"Leaver Dept.","2021","Office for Standards in Education, Children's Services and Skills","Office for Standards in Education","London","25","[c]","48810","42850"
"Leaver Dept.","2021","Office for Standards in Education, Children's Services and Skills","Office for Standards in Education","Outside London","30","[c]","33190","32010"
"Leaver Dept.","2021","Office of Gas and Electricity Markets","Office of Gas and Electricity Markets","London","35","[c]","48440","47820"
"Leaver Dept.","2021","Office of Gas and Electricity Markets","Office of Gas and Electricity Markets","Outside London","20","[c]","37860","33230"
"Leaver Dept.","2021","Office of Qualifications and Examinations Regulation","Office of Qualifications and Examinations Regulation","Outside London","5","[c]","[c]","[c]"
"Leaver Dept.","2021","Office of Rail and Road","Office of Rail and Road","London","10","[c]","47780","44700"
"Leaver Dept.","2021","Office of Rail and Road","Office of Rail and Road","Outside London","[c]","[c]","[c]","[c]"
"Leaver Dept.","2021","Office of the Public Guardian","Ministry of Justice","Outside London","90","[c]","22300","21170"
"Leaver Dept.","2021","Planning Inspectorate","Ministry of Housing, Communities and Local Government","Outside London","10","[c]","[c]","[c]"
"Leaver Dept.","2021","Public Health England","Department of Health and Social Care","London","30","[c]","49460","52100"
"Leaver Dept.","2021","Public Health England","Department of Health and Social Care","Outside London","10","[c]","43720","51800"
"Leaver Dept.","2021","Queen Elizabeth II Centre","Ministry of Housing, Communities and Local Government","London","[c]","[c]","[c]","[c]"
"Leaver Dept.","2021","Registers of Scotland","Scottish Government","Outside London","5","[c]","[c]","[c]"
"Leaver Dept.","2021","Revenue Scotland","Scottish Government","Outside London","[c]","[c]","[c]","[c]"
"Leaver Dept.","2021","Royal Fleet Auxiliary","Ministry of Defence","Unknown","[c]","[c]","[c]","[c]"
"Leaver Dept.","2021","Rural Payments Agency","Department for Environment, Food and Rural Affairs","Outside London","65","[c]","29230","25190"
"Leaver Dept.","2021","Scotland Office (incl. Office of the Advocate General for Scotland)","Scotland Office","London","10","[c]","35400","31340"
"Leaver Dept.","2021","Scotland Office (incl. Office of the Advocate General for Scotland)","Scotland Office","Outside London","[c]","[c]","[c]","[c]"
"Leaver Dept.","2021","Scottish Courts and Tribunals Service","Scottish Government","Outside London","20","[c]","31110","27950"
"Leaver Dept.","2021","Scottish Forestry","Scottish Government","Outside London","5","[c]","[c]","[c]"
"Leaver Dept.","2021","Scottish Government (excl. agencies)","Scottish Government","Outside London","25","[c]","38580","35180"
"Leaver Dept.","2021","Serious Fraud Office","Attorney General's Departments","London","15","[c]","46570","39740"
"Leaver Dept.","2021","Social Security Scotland","Scottish Government","Outside London","5","[c]","[c]","[c]"
"Leaver Dept.","2021","Standards and Testing Agency","Department for Education","London","[c]","[c]","[c]","[c]"
"Leaver Dept.","2021","Standards and Testing Agency","Department for Education","Outside London","[c]","[c]","[c]","[c]"
"Leaver Dept.","2021","Submarine Delivery Agency","Ministry of Defence","Outside London","10","[c]","46530","48790"
"Leaver Dept.","2021","Teaching Regulation Agency","Department for Education","London","[c]","[c]","[c]","[c]"
"Leaver Dept.","2021","The National Archives","The National Archives","London","[c]","[c]","[c]","[c]"
"Leaver Dept.","2021","UK Export Finance","UK Export Finance","London","15","[c]","39130","33000"
"Leaver Dept.","2021","UK Hydrographic Office","Ministry of Defence","Outside London","15","[c]","43450","42510"
"Leaver Dept.","2021","UK Intellectual Property Office","Department for Business, Energy and Industrial Strategy","London","[c]","[c]","[c]","[c]"
"Leaver Dept.","2021","UK Intellectual Property Office","Department for Business, Energy and Industrial Strategy","Outside London","20","[c]","41190","39340"
"Leaver Dept.","2021","UK Space Agency","Department for Business, Energy and Industrial Strategy","London","30","[c]","47300","42220"
"Leaver Dept.","2021","UK Space Agency","Department for Business, Energy and Industrial Strategy","Outside London","10","[c]","[c]","[c]"
"Leaver Dept.","2021","United Kingdom Statistics Authority","United Kingdom Statistics Authority","London","20","[c]","43610","35420"
"Leaver Dept.","2021","United Kingdom Statistics Authority","United Kingdom Statistics Authority","Outside London","135","[c]","36080","32960"
"Leaver Dept.","2021","Valuation Office Agency","HM Revenue and Customs","London","15","[c]","49160","44680"
"Leaver Dept.","2021","Valuation Office Agency","HM Revenue and Customs","Outside London","60","[c]","29960","25680"
"Leaver Dept.","2021","Vehicle Certification Agency","Department for Transport","Outside London","[c]","[c]","[c]","[c]"
"Leaver Dept.","2021","Wales Office","Wales Office","London","5","[c]","[c]","[c]"
"Leaver Dept.","2021","Wales Office","Wales Office","Outside London","5","[c]","[c]","[c]"
"Leaver Dept.","2021","Water Services Regulation Authority","Water Services Regulation Authority","Outside London","[c]","[c]","[c]","[c]"
"Leaver Dept.","2021","Welsh Government (excl. agencies)","Welsh Government","Outside London","25","[c]","37400","37410"
"Leaver Dept.","2021","Welsh Government (excl. agencies)","Welsh Government","Overseas","[c]","[c]","[c]","[c]"
"Leaver Dept.","2021","Welsh Revenue Authority","Welsh Government","Outside London","5","[c]","[c]","[c]"
"Leaver Dept.","2021","Wilton Park","Foreign, Commonwealth and Development Office","Outside London","[c]","[c]","[c]","[c]"
"New entrant CS","2021","Accountant in Bankruptcy","Scottish Government","Outside London","[c]","[c]","[c]","[c]"
"New entrant CS","2021","Advisory, Conciliation and Arbitration Service","Department for Business, Energy and Industrial Strategy","London","20","[c]","33630","33030"
"New entrant CS","2021","Advisory, Conciliation and Arbitration Service","Department for Business, Energy and Industrial Strategy","Outside London","140","[c]","25330","24250"
"New entrant CS","2021","Animal and Plant Health Agency","Department for Environment, Food and Rural Affairs","London","30","[c]","30930","31460"
"New entrant CS","2021","Animal and Plant Health Agency","Department for Environment, Food and Rural Affairs","Outside London","460","[c]","24760","24370"
"New entrant CS","2021","Attorney General's Office","Attorney General's Departments","London","[c]","[c]","[c]","[c]"
"New entrant CS","2021","Cabinet Office (excl. agencies)","Cabinet Office","London","1215","[c]","41150","28000"
"New entrant CS","2021","Cabinet Office (excl. agencies)","Cabinet Office","Outside London","305","[c]","36130","28000"
"New entrant CS","2021","Cabinet Office (excl. agencies)","Cabinet Office","Unknown","220","[c]","36740","28000"
"New entrant CS","2021","Centre for Environment, Fisheries and Aquaculture Science","Department for Environment, Food and Rural Affairs","Outside London","30","[c]","31470","29270"
"New entrant CS","2021","Charity Commission","Charity Commission","London","15","[c]","36790","29160"
"New entrant CS","2021","Charity Commission","Charity Commission","Outside London","45","[c]","33720","29160"
"New entrant CS","2021","Companies House","Department for Business, Energy and Industrial Strategy","Outside London","75","[c]","34700","34170"
"New entrant CS","2021","Competition and Markets Authority","Competition and Markets Authority","London","70","[c]","49450","53530"
"New entrant CS","2021","Competition and Markets Authority","Competition and Markets Authority","Outside London","[c]","[c]","[c]","[c]"
"New entrant CS","2021","Criminal Injuries Compensation Authority","Ministry of Justice","Outside London","25","[c]","26530","26550"
"New entrant CS","2021","Crown Commercial Service","Other Cabinet Office Agencies","London","15","[c]","44290","40400"
"New entrant CS","2021","Crown Commercial Service","Other Cabinet Office Agencies","Outside London","150","[c]","34480","30500"
"New entrant CS","2021","Crown Office and Procurator Fiscal Service","Scottish Government","Outside London","150","[c]","25090","20760"
"New entrant CS","2021","Crown Prosecution Service","Attorney General's Departments","London","180","[c]","34450","26970"
"New entrant CS","2021","Crown Prosecution Service","Attorney General's Departments","Outside London","545","[c]","33070","26970"
"New entrant CS","2021","Debt Management Office","HM Treasury","London","10","[c]","40000","40500"
"New entrant CS","2021","Defence Equipment and Support","Ministry of Defence","London","15","[c]","22270","19520"
"New entrant CS","2021","Defence Equipment and Support","Ministry of Defence","Outside London","710","[c]","32290","29000"
"New entrant CS","2021","Defence Science and Technology Laboratory","Ministry of Defence","London","[c]","[c]","[c]","[c]"
"New entrant CS","2021","Defence Science and Technology Laboratory","Ministry of Defence","Outside London","220","[c]","32220","28650"
"New entrant CS","2021","Department for Business, Energy and Industrial Strategy (excl. agencies)","Department for Business, Energy and Industrial Strategy","London","685","[c]","38330","33570"
"New entrant CS","2021","Department for Business, Energy and Industrial Strategy (excl. agencies)","Department for Business, Energy and Industrial Strategy","Outside London","40","[c]","33090","30360"
"New entrant CS","2021","Department for Digital, Culture, Media and Sport","Department for Digital, Culture, Media and Sport","London","355","[c]","39110","34020"
"New entrant CS","2021","Department for Digital, Culture, Media and Sport","Department for Digital, Culture, Media and Sport","Outside London","40","[c]","39120","34020"
"New entrant CS","2021","Department for Education (excl. agencies)","Department for Education","London","215","[c]","38660","32940"
"New entrant CS","2021","Department for Education (excl. agencies)","Department for Education","Outside London","395","[c]","33960","29360"
"New entrant CS","2021","Department for Education (excl. agencies)","Department for Education","Unknown","[c]","[c]","[c]","[c]"
"New entrant CS","2021","Department for Environment, Food and Rural Affairs (excl. agencies)","Department for Environment, Food and Rural Affairs","London","520","[c]","37770","32560"
"New entrant CS","2021","Department for Environment, Food and Rural Affairs (excl. agencies)","Department for Environment, Food and Rural Affairs","Outside London","510","[c]","35870","30320"
"New entrant CS","2021","Department for International Trade","Department for International Trade","London","345","[c]","34370","31800"
"New entrant CS","2021","Department for International Trade","Department for International Trade","Outside London","50","[c]","35970","31800"
"New entrant CS","2021","Department for Transport (excl. agencies)","Department for Transport","London","465","[c]","37550","34710"
"New entrant CS","2021","Department for Transport (excl. agencies)","Department for Transport","Outside London","95","[c]","33360","30730"
"New entrant CS","2021","Department for Work and Pensions (excl. agencies)","Department for Work and Pensions","London","3240","[c]","30570","31060"
"New entrant CS","2021","Department for Work and Pensions (excl. agencies)","Department for Work and Pensions","Outside London","13420","[c]","25830","27570"
"New entrant CS","2021","Department for Work and Pensions (excl. agencies)","Department for Work and Pensions","Unknown","320","[c]","28900","27570"
"New entrant CS","2021","Department of Health and Social Care (excl. agencies)","Department of Health and Social Care","London","805","[c]","40580","32790"
"New entrant CS","2021","Department of Health and Social Care (excl. agencies)","Department of Health and Social Care","Outside London","305","[c]","37650","32790"
"New entrant CS","2021","Disclosure Scotland","Scottish Government","Outside London","45","[c]","23650","20060"
"New entrant CS","2021","Driver and Vehicle Licensing Agency","Department for Transport","Outside London","340","[c]","23790","21590"
"New entrant CS","2021","Driver and Vehicle Standards Agency","Department for Transport","London","10","[c]","[c]","[c]"
"New entrant CS","2021","Driver and Vehicle Standards Agency","Department for Transport","Outside London","260","[c]","28610","26130"
"New entrant CS","2021","Education and Skills Funding Agency","Department for Education","London","10","[c]","[c]","[c]"
"New entrant CS","2021","Education and Skills Funding Agency","Department for Education","Outside London","90","[c]","34230","30320"
"New entrant CS","2021","Education Scotland","Scottish Government","Outside London","15","[c]","44710","48930"
"New entrant CS","2021","ESTYN","ESTYN","Outside London","[c]","[c]","[c]","[c]"
"New entrant CS","2021","Food Standards Agency","Food Standards Agency","London","40","[c]","35210","32350"
"New entrant CS","2021","Food Standards Agency","Food Standards Agency","Outside London","55","[c]","34260","30350"
"New entrant CS","2021","Food Standards Scotland","Scottish Government","Outside London","50","[c]","31310","30650"
"New entrant CS","2021","Food Standards Scotland","Scottish Government","Unknown","[c]","[c]","[c]","[c]"
"New entrant CS","2021","Forestry and Land Scotland","Scottish Government","Outside London","95","[c]","27350","25140"
"New entrant CS","2021","Government Actuary's Department","Chancellor's other departments","London","35","[c]","42310","36860"
"New entrant CS","2021","Government Actuary's Department","Chancellor's other departments","Outside London","[c]","[c]","[c]","[c]"
"New entrant CS","2021","Government Internal Audit Agency","HM Treasury","London","20","[c]","46170","43160"
"New entrant CS","2021","Government Internal Audit Agency","HM Treasury","Outside London","15","[c]","41080","39980"
"New entrant CS","2021","Government Legal Department","Attorney General's Departments","London","255","[c]","42050","43920"
"New entrant CS","2021","Government Legal Department","Attorney General's Departments","Outside London","[c]","[c]","[c]","[c]"
"New entrant CS","2021","Government Property Agency","Other Cabinet Office Agencies","London","10","[c]","[c]","[c]"
"New entrant CS","2021","Government Property Agency","Other Cabinet Office Agencies","Outside London","35","[c]","45380","40010"
"New entrant CS","2021","Government Property Agency","Other Cabinet Office Agencies","Unknown","[c]","[c]","[c]","[c]"
"New entrant CS","2021","Health and Safety Executive","Department for Work and Pensions","London","20","[c]","45860","36040"
"New entrant CS","2021","Health and Safety Executive","Department for Work and Pensions","Outside London","170","[c]","30650","26370"
"New entrant CS","2021","HM Courts and Tribunals Service","Ministry of Justice","London","785","[c]","24700","22680"
"New entrant CS","2021","HM Courts and Tribunals Service","Ministry of Justice","Outside London","1395","[c]","20450","18880"
"New entrant CS","2021","HM Courts and Tribunals Service","Ministry of Justice","Unknown","10","[c]","[c]","[c]"
"New entrant CS","2021","HM Land Registry","HM Land Registry","London","50","[c]","35140","25850"
"New entrant CS","2021","HM Land Registry","HM Land Registry","Outside London","650","[c]","25510","22350"
"New entrant CS","2021","HM Prison and Probation Service","Ministry of Justice","London","855","[c]","28180","27530"
"New entrant CS","2021","HM Prison and Probation Service","Ministry of Justice","Outside London","4895","[c]","23190","22850"
"New entrant CS","2021","HM Prison and Probation Service","Ministry of Justice","Unknown","[c]","[c]","[c]","[c]"
"New entrant CS","2021","HM Revenue and Customs (excl. agencies)","HM Revenue and Customs","London","325","[c]","35290","36160"
"New entrant CS","2021","HM Revenue and Customs (excl. agencies)","HM Revenue and Customs","Outside London","4495","[c]","24010","20140"
"New entrant CS","2021","HM Revenue and Customs (excl. agencies)","HM Revenue and Customs","Unknown","320","[c]","[c]","[c]"
"New entrant CS","2021","HM Treasury (excl. agencies)","HM Treasury","London","375","[c]","33000","28500"
"New entrant CS","2021","HM Treasury (excl. agencies)","HM Treasury","Outside London","25","[c]","23770","23750"
"New entrant CS","2021","Home Office (incl. agencies)","Home Office","London","930","[c]","39060","35050"
"New entrant CS","2021","Home Office (incl. agencies)","Home Office","Outside London","1225","[c]","26200","24880"
"New entrant CS","2021","Home Office (incl. agencies)","Home Office","Unknown","10","[c]","[c]","[c]"
"New entrant CS","2021","Insolvency Service","Department for Business, Energy and Industrial Strategy","London","20","[c]","29250","26200"
"New entrant CS","2021","Insolvency Service","Department for Business, Energy and Industrial Strategy","Outside London","185","[c]","24010","20880"
"New entrant CS","2021","Institute for Apprenticeships and Technical Education","Department for Education","London","20","[c]","42540","40430"
"New entrant CS","2021","Institute for Apprenticeships and Technical Education","Department for Education","Outside London","25","[c]","38050","36570"
"New entrant CS","2021","Legal Aid Agency","Ministry of Justice","London","[c]","[c]","[c]","[c]"
"New entrant CS","2021","Legal Aid Agency","Ministry of Justice","Outside London","60","[c]","20860","18880"
"New entrant CS","2021","Maritime and Coastguard Agency","Department for Transport","London","[c]","[c]","[c]","[c]"
"New entrant CS","2021","Maritime and Coastguard Agency","Department for Transport","Outside London","205","[c]","33150","30730"
"New entrant CS","2021","Medicines and Healthcare Products Regulatory Agency","Department of Health and Social Care","London","150","[c]","40690","39850"
"New entrant CS","2021","Medicines and Healthcare Products Regulatory Agency","Department of Health and Social Care","Outside London","30","[c]","35680","32960"
"New entrant CS","2021","Met Office","Department for Business, Energy and Industrial Strategy","London","[c]","[c]","[c]","[c]"
"New entrant CS","2021","Met Office","Department for Business, Energy and Industrial Strategy","Outside London","130","[c]","33770","30930"
"New entrant CS","2021","Met Office","Department for Business, Energy and Industrial Strategy","Overseas","[c]","[c]","[c]","[c]"
"New entrant CS","2021","Ministry of Defence (excl. agencies)","Ministry of Defence","London","260","[c]","33370","30200"
"New entrant CS","2021","Ministry of Defence (excl. agencies)","Ministry of Defence","Outside London","2705","[c]","28700","26350"
"New entrant CS","2021","Ministry of Defence (excl. agencies)","Ministry of Defence","Overseas","40","[c]","38360","33000"
"New entrant CS","2021","Ministry of Defence (excl. agencies)","Ministry of Defence","Unknown","5","[c]","[c]","[c]"
"New entrant CS","2021","Ministry of Housing, Communities and Local Government (excl. agencies)","Ministry of Housing, Communities and Local Government","London","215","[c]","39990","33210"
"New entrant CS","2021","Ministry of Housing, Communities and Local Government (excl. agencies)","Ministry of Housing, Communities and Local Government","Outside London","120","[c]","36920","32570"
"New entrant CS","2021","Ministry of Justice (excl. agencies)","Ministry of Justice","London","490","[c]","39810","36800"
"New entrant CS","2021","Ministry of Justice (excl. agencies)","Ministry of Justice","Outside London","240","[c]","34440","30990"
"New entrant CS","2021","Ministry of Justice (excl. agencies)","Ministry of Justice","Unknown","[c]","[c]","[c]","[c]"
"New entrant CS","2021","National Crime Agency","National Crime Agency","London","345","[c]","38280","36200"
"New entrant CS","2021","National Crime Agency","National Crime Agency","Outside London","705","[c]","32300","32770"
"New entrant CS","2021","National Crime Agency","National Crime Agency","Unknown","5","[c]","[c]","[c]"
"New entrant CS","2021","National Infrastructure Commission","HM Treasury","London","15","[c]","42500","40000"
"New entrant CS","2021","National Records of Scotland","Scottish Government","Outside London","40","[c]","33940","30650"
"New entrant CS","2021","National Savings and Investments","Chancellor's other departments","London","10","[c]","[c]","[c]"
"New entrant CS","2021","National Savings and Investments","Chancellor's other departments","Outside London","5","[c]","[c]","[c]"
"New entrant CS","2021","Northern Ireland Office","Northern Ireland Office","London","10","[c]","[c]","[c]"
"New entrant CS","2021","Northern Ireland Office","Northern Ireland Office","Outside London","10","[c]","39420","36520"
"New entrant CS","2021","Office for Budget Responsibility","HM Treasury","London","10","[c]","[c]","[c]"
"New entrant CS","2021","Office for Standards in Education, Children's Services and Skills","Office for Standards in Education","London","50","[c]","48690","46360"
"New entrant CS","2021","Office for Standards in Education, Children's Services and Skills","Office for Standards in Education","Outside London","120","[c]","49630","46360"
"New entrant CS","2021","Office of Gas and Electricity Markets","Office of Gas and Electricity Markets","London","140","[c]","40250","33400"
"New entrant CS","2021","Office of Gas and Electricity Markets","Office of Gas and Electricity Markets","Outside London","170","[c]","29640","23450"
"New entrant CS","2021","Office of Qualifications and Examinations Regulation","Office of Qualifications and Examinations Regulation","Outside London","40","[c]","41360","31180"
"New entrant CS","2021","Office of Rail and Road","Office of Rail and Road","London","20","[c]","38440","35670"
"New entrant CS","2021","Office of Rail and Road","Office of Rail and Road","Outside London","15","[c]","49780","50810"
"New entrant CS","2021","Office of the Public Guardian","Ministry of Justice","Outside London","25","[c]","27170","22570"
"New entrant CS","2021","Office of the Scottish Charity Regulator","Scottish Government","Outside London","[c]","[c]","[c]","[c]"
"New entrant CS","2021","Planning Inspectorate","Ministry of Housing, Communities and Local Government","Outside London","95","[c]","30280","26050"
"New entrant CS","2021","Public Health England","Department of Health and Social Care","London","925","[c]","38260","32330"
"New entrant CS","2021","Public Health England","Department of Health and Social Care","Outside London","1100","[c]","32430","28590"
"New entrant CS","2021","Registers of Scotland","Scottish Government","Outside London","15","[c]","45770","39350"
"New entrant CS","2021","Revenue Scotland","Scottish Government","Outside London","5","[c]","[c]","[c]"
"New entrant CS","2021","Rural Payments Agency","Department for Environment, Food and Rural Affairs","Outside London","60","[c]","24100","21050"
"New entrant CS","2021","Scotland Office (incl. Office of the Advocate General for Scotland)","Scotland Office","London","5","[c]","[c]","[c]"
"New entrant CS","2021","Scotland Office (incl. Office of the Advocate General for Scotland)","Scotland Office","Outside London","10","[c]","43130","34140"
"New entrant CS","2021","Scottish Courts and Tribunals Service","Scottish Government","Outside London","100","[c]","23200","20850"
"New entrant CS","2021","Scottish Forestry","Scottish Government","Outside London","30","[c]","29760","28120"
"New entrant CS","2021","Scottish Government (excl. agencies)","Scottish Government","Outside London","790","[c]","37270","30650"
"New entrant CS","2021","Scottish Housing Regulator","Scottish Government","Outside London","[c]","[c]","[c]","[c]"
"New entrant CS","2021","Scottish Prison Service","Scottish Government","Outside London","275","[c]","22010","20810"
"New entrant CS","2021","Scottish Public Pensions Agency","Scottish Government","Outside London","5","[c]","[c]","[c]"
"New entrant CS","2021","Serious Fraud Office","Attorney General's Departments","London","30","[c]","38070","30250"
"New entrant CS","2021","Social Security Scotland","Scottish Government","Outside London","390","[c]","25920","20060"
"New entrant CS","2021","Standards and Testing Agency","Department for Education","London","[c]","[c]","[c]","[c]"
"New entrant CS","2021","Standards and Testing Agency","Department for Education","Outside London","10","[c]","[c]","[c]"
"New entrant CS","2021","Student Awards Agency for Scotland","Scottish Government","Outside London","25","[c]","23000","20060"
"New entrant CS","2021","Submarine Delivery Agency","Ministry of Defence","Outside London","195","[c]","35750","32000"
"New entrant CS","2021","Teaching Regulation Agency","Department for Education","Outside London","5","[c]","[c]","[c]"
"New entrant CS","2021","The National Archives","The National Archives","London","60","[c]","32670","31960"
"New entrant CS","2021","Transport Scotland","Scottish Government","Outside London","30","[c]","35350","30650"
"New entrant CS","2021","UK Export Finance","UK Export Finance","London","90","[c]","45700","44080"
"New entrant CS","2021","UK Hydrographic Office","Ministry of Defence","Outside London","75","[c]","28000","20820"
"New entrant CS","2021","UK Hydrographic Office","Ministry of Defence","Overseas","[c]","[c]","[c]","[c]"
"New entrant CS","2021","UK Intellectual Property Office","Department for Business, Energy and Industrial Strategy","Outside London","180","[c]","28520","23320"
"New entrant CS","2021","UK Space Agency","Department for Business, Energy and Industrial Strategy","London","10","[c]","[c]","[c]"
"New entrant CS","2021","UK Space Agency","Department for Business, Energy and Industrial Strategy","Outside London","15","[c]","36670","33750"
"New entrant CS","2021","UK Supreme Court","UK Supreme Court","London","20","[c]","38120","37230"
"New entrant CS","2021","United Kingdom Statistics Authority","United Kingdom Statistics Authority","London","260","[c]","37390","32540"
"New entrant CS","2021","United Kingdom Statistics Authority","United Kingdom Statistics Authority","Outside London","800","[c]","29840","29540"
"New entrant CS","2021","Valuation Office Agency","HM Revenue and Customs","London","25","[c]","31240","27880"
"New entrant CS","2021","Valuation Office Agency","HM Revenue and Customs","Outside London","235","[c]","24770","20880"
"New entrant CS","2021","Vehicle Certification Agency","Department for Transport","Outside London","25","[c]","26000","21590"
"New entrant CS","2021","Veterinary Medicines Directorate","Department for Environment, Food and Rural Affairs","Outside London","10","[c]","40340","40610"
"New entrant CS","2021","Wales Office","Wales Office","London","5","[c]","[c]","[c]"
"New entrant CS","2021","Wales Office","Wales Office","Outside London","5","[c]","[c]","[c]"
"New entrant CS","2021","Water Services Regulation Authority","Water Services Regulation Authority","London","10","[c]","52330","48810"
"New entrant CS","2021","Water Services Regulation Authority","Water Services Regulation Authority","Outside London","30","[c]","52560","54250"
"New entrant CS","2021","Welsh Government (excl. agencies)","Welsh Government","Outside London","195","[c]","27640","20500"
"New entrant CS","2021","Welsh Revenue Authority","Welsh Government","Outside London","5","[c]","[c]","[c]"
"New entrant CS","2021","Wilton Park","Foreign, Commonwealth and Development Office","Outside London","[c]","[c]","[c]","[c]"
"Notes","Summary figures are suppressed when information relates to less than 5 civil servants for FTE or Headcount, and less than 10 civil servants for median and mean salary (shown as [c]). Zero responses and salaries for less than 30 civil servants have been suppressed for GPDR special category data. FTE figures are not shown for entrants or leavers due to data quality concerns for these groups. Figures are rounded to the nearest 5, or 10 as appropriate.","","","","","","",""
"Data source","All figures are aggregated from the Cabinet Office Annual Civil Service Employment Survey collection. https://www.gov.uk/government/collections/civil-service-statistics","","","","","","",""
"Version","Generated on 2023-02-14, with GIT 71a76ea.","","","","","","",""
"Data column","Description","","","","","","",""
"Status","Employment status of the civil servants.","","","","","","",""
"","In post - includes staff that were in post on the reference date (31 March).","","","","","","",""
"","New entrant CS - includes new entrants to the Civil Service over the year (1 April to 31 March).","","","","","","",""
"","Leaver CS - includes leavers from the Civil Service over the year (1 April to 31 March). This includes employees who have an Unknown leaving cause.","","","","","","",""
"","Leaver Dept. - includes leavers from the department over the year (1 April to 31 March), who did not leave the Civil Service.","","","","","","",""
"","Five organisations do not report when their employees first entered the Civil Service and so entrants data for these organisations is not available . These are as follows: Foreign Commonwealth and Development Office (excl. agencies), Foreign Commonwealth and Development Office Services, Defence Electronics and Components Agency, Scottish Forestry and Forest and Land Scotland. A further three organisations also could not provide entrants data in 2021. These are as follows: Department for International Development, Foreign and Commonwealth Office (excl. agencies) and Royal Fleet Auxiliary.","","","","","","",""
"Year","Year of data collection (as at 31 March).","","","","","","",""
"Parent_department","Government Department, total figures for both Ministerial and Non-Ministerial Departments include all of their Executive Agencies.","","","","","","",""
"Organisation","Executive Agencies, Ministerial and Non-Ministerial Departments, Crown Non-departmental Public Bodies.","","","","","","",""
"Region_london","Workplace postcode data are used to derive geographical information using the International Territorial Level (ITL) classification standard.","","","","","","",""
"","Region_london groups the ITL classifications into ""London"", ""Outside London"": all UK regions excluding London, ""Overseas"", and ""Unknown"".","","","","","","",""
"Headcount","Total number of civil servants (rounded to nearest 5).","","","","","","",""
"FTE","Total full-time equivalent (FTE) employment numbers (rounded to nearest 5).","","","","","","",""
"","FTE figures are not shown for entrants or leavers due to data quality concerns for these groups.","","","","","","",""
"Mean_salary","Average salary (mean, rounded to nearest 10). For part-time employees, salaries represent the full-time equivalent earnings, while for full-time employees they are the actual annual gross salaries.","","","","","","",""
"","These figures should be interpreted with caution when the total number of employees in a group is small, as they will tend to show more variability than larger groups (i.e. may be much higher or lower than can be explained by the data shown).","","","","","","",""
"Median_salary","Median salary (rounded to nearest 10). For part-time employees, salaries represent the full-time equivalent earnings, while for full-time employees they are the actual annual gross salaries.","","","","","","",""
"","These figures should be interpreted with caution when the total number of employees in a group is small, as they will tend to show more variability than larger groups (i.e. may be much higher or lower than can be explained by the data shown).","","","","","","",""
