"Status","Year","Age","Parent_department","Headcount","FTE","Mean_salary","Median_salary"
"In post","2021","16-19","Attorney General's Departments","30","30","21910","21950"
"In post","2021","16-19","Cabinet Office","15","15","24160","24170"
"In post","2021","16-19","Chancellor's other departments","[c]","[c]","[c]","[c]"
"In post","2021","16-19","Department for Business, Energy and Industrial Strategy","35","35","22530","20880"
"In post","2021","16-19","Department for Education","15","15","25590","25000"
"In post","2021","16-19","Department for Environment, Food and Rural Affairs","25","25","23500","23400"
"In post","2021","16-19","Department for International Trade","5","5","[c]","[c]"
"In post","2021","16-19","Department for Transport","55","45","20770","20900"
"In post","2021","16-19","Department for Work and Pensions","200","200","22650","21010"
"In post","2021","16-19","Department of Health and Social Care","30","25","21640","20700"
"In post","2021","16-19","Foreign, Commonwealth and Development Office","20","20","22460","21600"
"In post","2021","16-19","HM Land Registry","15","15","21500","22350"
"In post","2021","16-19","HM Revenue and Customs","245","230","20670","20140"
"In post","2021","16-19","HM Treasury","25","25","23990","24300"
"In post","2021","16-19","Home Office","80","70","22340","21430"
"In post","2021","16-19","Ministry of Defence","250","250","18760","17780"
"In post","2021","16-19","Ministry of Justice","145","145","21800","20600"
"In post","2021","16-19","National Crime Agency","[c]","[c]","[c]","[c]"
"In post","2021","16-19","Office for Standards in Education","[c]","[c]","[c]","[c]"
"In post","2021","16-19","Office of Rail and Road","[c]","[c]","[c]","[c]"
"In post","2021","16-19","Other Cabinet Office Agencies","[c]","[c]","[c]","[c]"
"In post","2021","16-19","Scotland Office","[c]","[c]","[c]","[c]"
"In post","2021","16-19","Scottish Government","100","100","21190","21150"
"In post","2021","16-19","The National Archives","[c]","[c]","[c]","[c]"
"In post","2021","16-19","United Kingdom Statistics Authority","20","15","20590","19130"
"In post","2021","16-19","Welsh Government","5","5","[c]","[c]"
"In post","2021","20-29","Attorney General's Departments","1320","1305","30180","26970"
"In post","2021","20-29","Cabinet Office","3400","3395","33960","29250"
"In post","2021","20-29","Chancellor's other departments","80","80","35780","34030"
"In post","2021","20-29","Charity Commission","50","45","27060","24440"
"In post","2021","20-29","Competition and Markets Authority","150","150","38650","33610"
"In post","2021","20-29","Department for Business, Energy and Industrial Strategy","2910","2895","36090","33570"
"In post","2021","20-29","Department for Digital, Culture, Media and Sport","675","675","41060","34840"
"In post","2021","20-29","Department for Education","1610","1600","35480","32940"
"In post","2021","20-29","Department for Environment, Food and Rural Affairs","1940","1920","30590","29180"
"In post","2021","20-29","Department for International Trade","950","945","37340","33000"
"In post","2021","20-29","Department for Transport","2225","2180","30280","27680"
"In post","2021","20-29","Department for Work and Pensions","10545","10355","26690","27570"
"In post","2021","20-29","Department of Health and Social Care","2685","2610","32710","31390"
"In post","2021","20-29","ESTYN","5","5","[c]","[c]"
"In post","2021","20-29","Food Standards Agency","110","110","32770","32350"
"In post","2021","20-29","Foreign, Commonwealth and Development Office","1485","1480","34620","33930"
"In post","2021","20-29","HM Land Registry","1110","1090","25370","22350"
"In post","2021","20-29","HM Revenue and Customs","10330","10105","26860","25560"
"In post","2021","20-29","HM Treasury","1045","1040","38510","32960"
"In post","2021","20-29","Home Office","5285","5150","28310","24890"
"In post","2021","20-29","Ministry of Defence","7590","7535","28520","27540"
"In post","2021","20-29","Ministry of Housing, Communities and Local Government","725","720","36300","33210"
"In post","2021","20-29","Ministry of Justice","14040","13855","25830","24620"
"In post","2021","20-29","National Crime Agency","935","935","31970","32260"
"In post","2021","20-29","Northern Ireland Office","25","25","39740","37710"
"In post","2021","20-29","Office for Standards in Education","155","155","28760","25880"
"In post","2021","20-29","Office of Gas and Electricity Markets","345","345","31040","29160"
"In post","2021","20-29","Office of Qualifications and Examinations Regulation","25","25","31420","31000"
"In post","2021","20-29","Office of Rail and Road","30","30","35720","33990"
"In post","2021","20-29","Other Cabinet Office Agencies","165","165","30100","27770"
"In post","2021","20-29","Scotland Office","25","25","31110","30650"
"In post","2021","20-29","Scottish Government","3470","3405","27520","26160"
"In post","2021","20-29","The National Archives","75","75","26800","23960"
"In post","2021","20-29","UK Export Finance","70","65","35960","33000"
"In post","2021","20-29","UK Supreme Court","15","15","33510","37230"
"In post","2021","20-29","United Kingdom Statistics Authority","1220","1190","29860","29540"
"In post","2021","20-29","Wales Office","10","10","32170","30020"
"In post","2021","20-29","Water Services Regulation Authority","25","25","31330","30750"
"In post","2021","20-29","Welsh Government","555","545","26990","23830"
"In post","2021","30-39","Attorney General's Departments","2170","2045","44940","50020"
"In post","2021","30-39","Cabinet Office","2370","2325","49080","54700"
"In post","2021","30-39","Chancellor's other departments","100","100","57930","52390"
"In post","2021","30-39","Charity Commission","105","105","34770","29160"
"In post","2021","30-39","Competition and Markets Authority","300","290","59800","56630"
"In post","2021","30-39","Department for Business, Energy and Industrial Strategy","3440","3320","42390","40050"
"In post","2021","30-39","Department for Digital, Culture, Media and Sport","605","595","52420","52070"
"In post","2021","30-39","Department for Education","2135","2050","44050","40940"
"In post","2021","30-39","Department for Environment, Food and Rural Affairs","2485","2350","36390","35900"
"In post","2021","30-39","Department for International Trade","740","735","49740","51970"
"In post","2021","30-39","Department for Transport","3690","3440","32960","26780"
"In post","2021","30-39","Department for Work and Pensions","15155","13905","27880","27570"
"In post","2021","30-39","Department of Health and Social Care","2785","2635","43390","40470"
"In post","2021","30-39","ESTYN","15","10","34200","28850"
"In post","2021","30-39","Food Standards Agency","255","250","38280","37910"
"In post","2021","30-39","Foreign, Commonwealth and Development Office","2330","2295","46760","48500"
"In post","2021","30-39","HM Land Registry","900","850","29860","27130"
"In post","2021","30-39","HM Revenue and Customs","13985","13275","31230","26980"
"In post","2021","30-39","HM Treasury","740","720","55190","56840"
"In post","2021","30-39","Home Office","8585","8095","32030","26910"
"In post","2021","30-39","Ministry of Defence","10505","10135","35100","33300"
"In post","2021","30-39","Ministry of Housing, Communities and Local Government","865","835","45910","47660"
"In post","2021","30-39","Ministry of Justice","18280","17290","29240","26810"
"In post","2021","30-39","National Crime Agency","1275","1245","38210","36740"
"In post","2021","30-39","Northern Ireland Office","50","50","47050","40500"
"In post","2021","30-39","Office for Standards in Education","405","385","41570","39070"
"In post","2021","30-39","Office of Gas and Electricity Markets","410","400","45380","41910"
"In post","2021","30-39","Office of Qualifications and Examinations Regulation","90","85","43030","38760"
"In post","2021","30-39","Office of Rail and Road","90","90","50380","51310"
"In post","2021","30-39","Other Cabinet Office Agencies","280","270","36970","34800"
"In post","2021","30-39","Scotland Office","35","35","49910","52850"
"In post","2021","30-39","Scottish Government","5355","5135","35480","32930"
"In post","2021","30-39","The National Archives","115","110","34520","34260"
"In post","2021","30-39","UK Export Finance","90","85","52590","50120"
"In post","2021","30-39","UK Supreme Court","10","10","38480","37230"
"In post","2021","30-39","United Kingdom Statistics Authority","1310","1225","35070","36030"
"In post","2021","30-39","Wales Office","10","10","40660","34410"
"In post","2021","30-39","Water Services Regulation Authority","65","65","51520","48000"
"In post","2021","30-39","Welsh Government","1280","1215","37680","37410"
"In post","2021","40-49","Attorney General's Departments","2765","2525","48300","51250"
"In post","2021","40-49","Cabinet Office","1845","1795","58180","54700"
"In post","2021","40-49","Chancellor's other departments","115","105","66140","58260"
"In post","2021","40-49","Charity Commission","130","120","37350","29550"
"In post","2021","40-49","Competition and Markets Authority","220","210","71280","72430"
"In post","2021","40-49","Department for Business, Energy and Industrial Strategy","3055","2890","44620","40940"
"In post","2021","40-49","Department for Digital, Culture, Media and Sport","285","270","57970","58190"
"In post","2021","40-49","Department for Education","2120","2005","47620","49860"
"In post","2021","40-49","Department for Environment, Food and Rural Affairs","3060","2855","38190","35900"
"In post","2021","40-49","Department for International Trade","445","435","53370","51970"
"In post","2021","40-49","Department for Transport","3870","3660","35150","29970"
"In post","2021","40-49","Department for Work and Pensions","22340","20125","28650","27570"
"In post","2021","40-49","Department of Health and Social Care","2850","2650","49920","48860"
"In post","2021","40-49","ESTYN","25","25","55690","74730"
"In post","2021","40-49","Food Standards Agency","355","350","40490","37910"
"In post","2021","40-49","Foreign, Commonwealth and Development Office","2230","2170","52460","54470"
"In post","2021","40-49","HM Land Registry","1265","1175","33640","27130"
"In post","2021","40-49","HM Revenue and Customs","14660","13660","32620","29570"
"In post","2021","40-49","HM Treasury","390","370","57100","55090"
"In post","2021","40-49","Home Office","9040","8470","33870","28850"
"In post","2021","40-49","Ministry of Defence","12135","11730","36870","33300"
"In post","2021","40-49","Ministry of Housing, Communities and Local Government","815","775","49080","47660"
"In post","2021","40-49","Ministry of Justice","17280","16235","31940","30210"
"In post","2021","40-49","National Crime Agency","1385","1335","42580","40210"
"In post","2021","40-49","Northern Ireland Office","25","25","44100","34990"
"In post","2021","40-49","Office for Standards in Education","505","490","52240","51360"
"In post","2021","40-49","Office of Gas and Electricity Markets","250","240","55590","52850"
"In post","2021","40-49","Office of Qualifications and Examinations Regulation","85","80","48220","46660"
"In post","2021","40-49","Office of Rail and Road","90","85","55050","55430"
"In post","2021","40-49","Other Cabinet Office Agencies","255","250","44260","39700"
"In post","2021","40-49","Scotland Office","20","20","58510","61010"
"In post","2021","40-49","Scottish Government","5260","4995","40760","35110"
"In post","2021","40-49","The National Archives","150","140","39640","36710"
"In post","2021","40-49","UK Export Finance","110","110","58520","53950"
"In post","2021","40-49","UK Supreme Court","10","5","[c]","[c]"
"In post","2021","40-49","United Kingdom Statistics Authority","1070","980","37910","36030"
"In post","2021","40-49","Wales Office","10","10","62070","65560"
"In post","2021","40-49","Water Services Regulation Authority","105","100","62260","56230"
"In post","2021","40-49","Welsh Government","1685","1600","43950","37410"
"In post","2021","50-59","Attorney General's Departments","2890","2705","48610","51470"
"In post","2021","50-59","Cabinet Office","1510","1475","56830","52630"
"In post","2021","50-59","Chancellor's other departments","85","80","67730","54100"
"In post","2021","50-59","Charity Commission","120","110","35550","30550"
"In post","2021","50-59","Competition and Markets Authority","150","145","68150","59940"
"In post","2021","50-59","Department for Business, Energy and Industrial Strategy","2900","2790","42380","39650"
"In post","2021","50-59","Department for Digital, Culture, Media and Sport","170","165","54100","52250"
"In post","2021","50-59","Department for Education","1710","1660","46550","42400"
"In post","2021","50-59","Department for Environment, Food and Rural Affairs","2680","2565","37870","33160"
"In post","2021","50-59","Department for International Trade","445","440","48930","42160"
"In post","2021","50-59","Department for Transport","4200","3965","33790","27680"
"In post","2021","50-59","Department for Work and Pensions","33185","30025","28630","27570"
"In post","2021","50-59","Department of Health and Social Care","2540","2395","52630","46950"
"In post","2021","50-59","ESTYN","45","45","66190","74730"
"In post","2021","50-59","Food Standards Agency","435","430","36820","30810"
"In post","2021","50-59","Foreign, Commonwealth and Development Office","2055","2010","51670","48440"
"In post","2021","50-59","HM Land Registry","2440","2200","32470","27130"
"In post","2021","50-59","HM Revenue and Customs","20075","18435","33220","29570"
"In post","2021","50-59","HM Treasury","375","360","52920","49750"
"In post","2021","50-59","Home Office","9440","8765","32950","28650"
"In post","2021","50-59","Ministry of Defence","19410","19005","34980","33130"
"In post","2021","50-59","Ministry of Housing, Communities and Local Government","750","725","47710","47660"
"In post","2021","50-59","Ministry of Justice","21375","20170","31460","29660"
"In post","2021","50-59","National Crime Agency","1545","1520","44060","40570"
"In post","2021","50-59","Northern Ireland Office","40","40","47290","38910"
"In post","2021","50-59","Office for Standards in Education","550","535","56920","51360"
"In post","2021","50-59","Office of Gas and Electricity Markets","140","135","54810","50810"
"In post","2021","50-59","Office of Qualifications and Examinations Regulation","50","45","49030","46660"
"In post","2021","50-59","Office of Rail and Road","90","90","62300","60080"
"In post","2021","50-59","Other Cabinet Office Agencies","250","245","45220","40210"
"In post","2021","50-59","Scotland Office","25","25","55110","58560"
"In post","2021","50-59","Scottish Government","6135","5850","39620","33650"
"In post","2021","50-59","The National Archives","145","135","38410","34770"
"In post","2021","50-59","UK Export Finance","100","100","60160","51030"
"In post","2021","50-59","UK Supreme Court","15","15","40350","31040"
"In post","2021","50-59","United Kingdom Statistics Authority","1250","1070","32000","27160"
"In post","2021","50-59","Wales Office","[c]","[c]","[c]","[c]"
"In post","2021","50-59","Water Services Regulation Authority","45","45","61560","56580"
"In post","2021","50-59","Welsh Government","1675","1610","44820","41560"
"In post","2021","60-64","Attorney General's Departments","535","460","47840","54200"
"In post","2021","60-64","Cabinet Office","265","230","50560","38420"
"In post","2021","60-64","Chancellor's other departments","20","20","76000","74390"
"In post","2021","60-64","Charity Commission","30","30","34780","29160"
"In post","2021","60-64","Competition and Markets Authority","20","15","58410","59110"
"In post","2021","60-64","Department for Business, Energy and Industrial Strategy","600","525","37550","34500"
"In post","2021","60-64","Department for Digital, Culture, Media and Sport","30","30","55530","52120"
"In post","2021","60-64","Department for Education","270","255","45940","43320"
"In post","2021","60-64","Department for Environment, Food and Rural Affairs","645","575","33990","29180"
"In post","2021","60-64","Department for International Trade","80","80","48390","43080"
"In post","2021","60-64","Department for Transport","1455","1180","29900","26780"
"In post","2021","60-64","Department for Work and Pensions","9455","7330","27230","27570"
"In post","2021","60-64","Department of Health and Social Care","605","520","54400","44950"
"In post","2021","60-64","ESTYN","15","15","67310","74730"
"In post","2021","60-64","Food Standards Agency","110","105","32800","28800"
"In post","2021","60-64","Foreign, Commonwealth and Development Office","385","365","49850","44770"
"In post","2021","60-64","HM Land Registry","495","355","32510","30600"
"In post","2021","60-64","HM Revenue and Customs","5645","4285","30280","27570"
"In post","2021","60-64","HM Treasury","80","70","49710","44670"
"In post","2021","60-64","Home Office","2200","1770","30300","27080"
"In post","2021","60-64","Ministry of Defence","5810","5390","32370","29200"
"In post","2021","60-64","Ministry of Housing, Communities and Local Government","165","145","47600","46120"
"In post","2021","60-64","Ministry of Justice","5860","4830","28350","24870"
"In post","2021","60-64","National Crime Agency","290","270","41250","39040"
"In post","2021","60-64","Northern Ireland Office","5","5","[c]","[c]"
"In post","2021","60-64","Office for Standards in Education","130","125","53710","51360"
"In post","2021","60-64","Office of Gas and Electricity Markets","30","25","55260","52160"
"In post","2021","60-64","Office of Qualifications and Examinations Regulation","10","10","58300","44240"
"In post","2021","60-64","Office of Rail and Road","20","20","59540","63520"
"In post","2021","60-64","Other Cabinet Office Agencies","30","30","46230","38150"
"In post","2021","60-64","Scotland Office","[c]","[c]","[c]","[c]"
"In post","2021","60-64","Scottish Government","1495","1230","36200","33650"
"In post","2021","60-64","The National Archives","40","35","34760","28460"
"In post","2021","60-64","UK Export Finance","20","20","56160","49760"
"In post","2021","60-64","UK Supreme Court","[c]","[c]","[c]","[c]"
"In post","2021","60-64","United Kingdom Statistics Authority","435","315","25960","19520"
"In post","2021","60-64","Wales Office","[c]","[c]","[c]","[c]"
"In post","2021","60-64","Water Services Regulation Authority","10","5","[c]","[c]"
"In post","2021","60-64","Welsh Government","405","350","43970","37410"
"In post","2021","65+","Attorney General's Departments","135","110","45320","34480"
"In post","2021","65+","Cabinet Office","55","45","50180","35100"
"In post","2021","65+","Chancellor's other departments","5","5","[c]","[c]"
"In post","2021","65+","Charity Commission","[c]","[c]","[c]","[c]"
"In post","2021","65+","Competition and Markets Authority","5","5","[c]","[c]"
"In post","2021","65+","Department for Business, Energy and Industrial Strategy","225","175","37710","34500"
"In post","2021","65+","Department for Digital, Culture, Media and Sport","[c]","[c]","[c]","[c]"
"In post","2021","65+","Department for Education","70","65","41330","37100"
"In post","2021","65+","Department for Environment, Food and Rural Affairs","210","180","33750","28980"
"In post","2021","65+","Department for International Trade","20","20","63520","42590"
"In post","2021","65+","Department for Transport","475","350","29480","26780"
"In post","2021","65+","Department for Work and Pensions","2625","1875","26450","26120"
"In post","2021","65+","Department of Health and Social Care","250","195","51660","39200"
"In post","2021","65+","ESTYN","5","5","[c]","[c]"
"In post","2021","65+","Food Standards Agency","45","35","32020","28800"
"In post","2021","65+","Foreign, Commonwealth and Development Office","130","105","47860","47540"
"In post","2021","65+","HM Land Registry","125","80","33450","30600"
"In post","2021","65+","HM Revenue and Customs","1540","1100","30080","26240"
"In post","2021","65+","HM Treasury","15","10","49630","51410"
"In post","2021","65+","Home Office","750","560","28140","25630"
"In post","2021","65+","Ministry of Defence","1980","1745","31010","26930"
"In post","2021","65+","Ministry of Housing, Communities and Local Government","85","65","52880","58810"
"In post","2021","65+","Ministry of Justice","1910","1435","26370","22680"
"In post","2021","65+","National Crime Agency","45","45","39970","38190"
"In post","2021","65+","Office for Standards in Education","30","25","55910","51360"
"In post","2021","65+","Office of Gas and Electricity Markets","10","10","[c]","[c]"
"In post","2021","65+","Office of Qualifications and Examinations Regulation","[c]","[c]","[c]","[c]"
"In post","2021","65+","Office of Rail and Road","5","5","[c]","[c]"
"In post","2021","65+","Other Cabinet Office Agencies","10","10","55150","43890"
"In post","2021","65+","Scotland Office","[c]","[c]","[c]","[c]"
"In post","2021","65+","Scottish Government","415","320","33690","29190"
"In post","2021","65+","The National Archives","20","20","28840","24330"
"In post","2021","65+","UK Export Finance","10","5","[c]","[c]"
"In post","2021","65+","UK Supreme Court","[c]","[c]","[c]","[c]"
"In post","2021","65+","United Kingdom Statistics Authority","245","160","24020","19520"
"In post","2021","65+","Welsh Government","170","135","40080","34490"
"In post","2021","Unknown","Department for Digital, Culture, Media and Sport","5","5","[c]","[c]"
"In post","2021","Unknown","Department for Environment, Food and Rural Affairs","[c]","[c]","[c]","[c]"
"In post","2021","Unknown","Department for Work and Pensions","25","20","28480","27570"
"In post","2021","Unknown","Department of Health and Social Care","[c]","[c]","[c]","[c]"
"In post","2021","Unknown","Ministry of Defence","[c]","[c]","[c]","[c]"
"In post","2021","Unknown","Northern Ireland Office","15","15","33550","28790"
"In post","2021","Unknown","Welsh Government","[c]","[c]","[c]","[c]"
"Leaver CS","2021","16-19","Attorney General's Departments","[c]","[c]","[c]","[c]"
"Leaver CS","2021","16-19","Cabinet Office","[c]","[c]","[c]","[c]"
"Leaver CS","2021","16-19","Department for Environment, Food and Rural Affairs","5","[c]","[c]","[c]"
"Leaver CS","2021","16-19","Department for Transport","[c]","[c]","[c]","[c]"
"Leaver CS","2021","16-19","Department for Work and Pensions","20","[c]","21500","21010"
"Leaver CS","2021","16-19","Department of Health and Social Care","5","[c]","[c]","[c]"
"Leaver CS","2021","16-19","Foreign, Commonwealth and Development Office","[c]","[c]","[c]","[c]"
"Leaver CS","2021","16-19","HM Revenue and Customs","20","[c]","[c]","[c]"
"Leaver CS","2021","16-19","HM Treasury","[c]","[c]","[c]","[c]"
"Leaver CS","2021","16-19","Home Office","[c]","[c]","[c]","[c]"
"Leaver CS","2021","16-19","Ministry of Defence","15","[c]","16860","16780"
"Leaver CS","2021","16-19","Ministry of Justice","15","[c]","[c]","[c]"
"Leaver CS","2021","16-19","Scotland Office","[c]","[c]","[c]","[c]"
"Leaver CS","2021","16-19","Scottish Government","15","[c]","21040","21150"
"Leaver CS","2021","16-19","United Kingdom Statistics Authority","[c]","[c]","[c]","[c]"
"Leaver CS","2021","20-29","Attorney General's Departments","75","[c]","28520","25480"
"Leaver CS","2021","20-29","Cabinet Office","140","[c]","29220","26330"
"Leaver CS","2021","20-29","Chancellor's other departments","15","[c]","27300","25560"
"Leaver CS","2021","20-29","Charity Commission","5","[c]","[c]","[c]"
"Leaver CS","2021","20-29","Competition and Markets Authority","25","[c]","32610","27150"
"Leaver CS","2021","20-29","Department for Business, Energy and Industrial Strategy","120","[c]","28660","26100"
"Leaver CS","2021","20-29","Department for Digital, Culture, Media and Sport","25","[c]","[c]","[c]"
"Leaver CS","2021","20-29","Department for Education","110","[c]","32610","29730"
"Leaver CS","2021","20-29","Department for Environment, Food and Rural Affairs","185","[c]","24520","24010"
"Leaver CS","2021","20-29","Department for International Trade","75","[c]","24260","18200"
"Leaver CS","2021","20-29","Department for Transport","130","[c]","24260","21590"
"Leaver CS","2021","20-29","Department for Work and Pensions","670","[c]","24870","23590"
"Leaver CS","2021","20-29","Department of Health and Social Care","245","[c]","26230","23690"
"Leaver CS","2021","20-29","Food Standards Agency","10","[c]","[c]","[c]"
"Leaver CS","2021","20-29","Foreign, Commonwealth and Development Office","50","[c]","29180","24010"
"Leaver CS","2021","20-29","HM Land Registry","60","[c]","25180","22350"
"Leaver CS","2021","20-29","HM Revenue and Customs","610","[c]","25420","24500"
"Leaver CS","2021","20-29","HM Treasury","45","[c]","[c]","[c]"
"Leaver CS","2021","20-29","Home Office","310","[c]","26540","24880"
"Leaver CS","2021","20-29","Ministry of Defence","465","[c]","24340","22780"
"Leaver CS","2021","20-29","Ministry of Housing, Communities and Local Government","40","[c]","30810","26340"
"Leaver CS","2021","20-29","Ministry of Justice","1590","[c]","22630","19930"
"Leaver CS","2021","20-29","National Crime Agency","20","[c]","30240","31090"
"Leaver CS","2021","20-29","Northern Ireland Office","[c]","[c]","[c]","[c]"
"Leaver CS","2021","20-29","Office for Standards in Education","15","[c]","29910","25880"
"Leaver CS","2021","20-29","Office of Gas and Electricity Markets","30","[c]","31490","24900"
"Leaver CS","2021","20-29","Office of Qualifications and Examinations Regulation","[c]","[c]","[c]","[c]"
"Leaver CS","2021","20-29","Office of Rail and Road","[c]","[c]","[c]","[c]"
"Leaver CS","2021","20-29","Other Cabinet Office Agencies","10","[c]","[c]","[c]"
"Leaver CS","2021","20-29","Scotland Office","[c]","[c]","[c]","[c]"
"Leaver CS","2021","20-29","Scottish Government","150","[c]","24790","22820"
"Leaver CS","2021","20-29","The National Archives","10","[c]","[c]","[c]"
"Leaver CS","2021","20-29","UK Export Finance","5","[c]","[c]","[c]"
"Leaver CS","2021","20-29","UK Supreme Court","10","[c]","[c]","[c]"
"Leaver CS","2021","20-29","United Kingdom Statistics Authority","100","[c]","23100","19130"
"Leaver CS","2021","20-29","Wales Office","[c]","[c]","[c]","[c]"
"Leaver CS","2021","20-29","Water Services Regulation Authority","5","[c]","[c]","[c]"
"Leaver CS","2021","20-29","Welsh Government","20","[c]","24140","22160"
"Leaver CS","2021","30-39","Attorney General's Departments","80","[c]","44840","50520"
"Leaver CS","2021","30-39","Cabinet Office","95","[c]","50720","54700"
"Leaver CS","2021","30-39","Chancellor's other departments","5","[c]","[c]","[c]"
"Leaver CS","2021","30-39","Charity Commission","[c]","[c]","[c]","[c]"
"Leaver CS","2021","30-39","Competition and Markets Authority","30","[c]","55480","54240"
"Leaver CS","2021","30-39","Department for Business, Energy and Industrial Strategy","105","[c]","42130","39250"
"Leaver CS","2021","30-39","Department for Digital, Culture, Media and Sport","30","[c]","45410","45800"
"Leaver CS","2021","30-39","Department for Education","95","[c]","45080","40940"
"Leaver CS","2021","30-39","Department for Environment, Food and Rural Affairs","85","[c]","35340","32680"
"Leaver CS","2021","30-39","Department for International Trade","25","[c]","48430","50700"
"Leaver CS","2021","30-39","Department for Transport","110","[c]","29460","26170"
"Leaver CS","2021","30-39","Department for Work and Pensions","560","[c]","26360","27570"
"Leaver CS","2021","30-39","Department of Health and Social Care","245","[c]","37300","36330"
"Leaver CS","2021","30-39","ESTYN","[c]","[c]","[c]","[c]"
"Leaver CS","2021","30-39","Food Standards Agency","10","[c]","[c]","[c]"
"Leaver CS","2021","30-39","Foreign, Commonwealth and Development Office","45","[c]","38920","37640"
"Leaver CS","2021","30-39","HM Land Registry","25","[c]","31290","26860"
"Leaver CS","2021","30-39","HM Revenue and Customs","480","[c]","30760","21100"
"Leaver CS","2021","30-39","HM Treasury","30","[c]","[c]","[c]"
"Leaver CS","2021","30-39","Home Office","210","[c]","29360","25310"
"Leaver CS","2021","30-39","Ministry of Defence","395","[c]","31890","30620"
"Leaver CS","2021","30-39","Ministry of Housing, Communities and Local Government","30","[c]","38210","36860"
"Leaver CS","2021","30-39","Ministry of Justice","1050","[c]","26900","21640"
"Leaver CS","2021","30-39","National Crime Agency","25","[c]","38920","39840"
"Leaver CS","2021","30-39","Northern Ireland Office","[c]","[c]","[c]","[c]"
"Leaver CS","2021","30-39","Office for Standards in Education","20","[c]","38530","31700"
"Leaver CS","2021","30-39","Office of Gas and Electricity Markets","20","[c]","42390","39390"
"Leaver CS","2021","30-39","Office of Qualifications and Examinations Regulation","[c]","[c]","[c]","[c]"
"Leaver CS","2021","30-39","Office of Rail and Road","[c]","[c]","[c]","[c]"
"Leaver CS","2021","30-39","Other Cabinet Office Agencies","10","[c]","[c]","[c]"
"Leaver CS","2021","30-39","Scotland Office","[c]","[c]","[c]","[c]"
"Leaver CS","2021","30-39","Scottish Government","160","[c]","31450","29350"
"Leaver CS","2021","30-39","The National Archives","10","[c]","32000","28460"
"Leaver CS","2021","30-39","UK Export Finance","[c]","[c]","[c]","[c]"
"Leaver CS","2021","30-39","UK Supreme Court","[c]","[c]","[c]","[c]"
"Leaver CS","2021","30-39","United Kingdom Statistics Authority","50","[c]","36860","36720"
"Leaver CS","2021","30-39","Wales Office","[c]","[c]","[c]","[c]"
"Leaver CS","2021","30-39","Water Services Regulation Authority","10","[c]","44230","40980"
"Leaver CS","2021","30-39","Welsh Government","20","[c]","36690","30700"
"Leaver CS","2021","40-49","Attorney General's Departments","40","[c]","52120","55000"
"Leaver CS","2021","40-49","Cabinet Office","45","[c]","62930","59720"
"Leaver CS","2021","40-49","Chancellor's other departments","[c]","[c]","[c]","[c]"
"Leaver CS","2021","40-49","Charity Commission","5","[c]","[c]","[c]"
"Leaver CS","2021","40-49","Competition and Markets Authority","10","[c]","60100","58270"
"Leaver CS","2021","40-49","Department for Business, Energy and Industrial Strategy","75","[c]","42140","33570"
"Leaver CS","2021","40-49","Department for Digital, Culture, Media and Sport","15","[c]","49890","53000"
"Leaver CS","2021","40-49","Department for Education","50","[c]","54080","50130"
"Leaver CS","2021","40-49","Department for Environment, Food and Rural Affairs","70","[c]","39440","35900"
"Leaver CS","2021","40-49","Department for International Trade","15","[c]","64520","59580"
"Leaver CS","2021","40-49","Department for Transport","100","[c]","32000","26680"
"Leaver CS","2021","40-49","Department for Work and Pensions","535","[c]","26990","25530"
"Leaver CS","2021","40-49","Department of Health and Social Care","165","[c]","42920","40470"
"Leaver CS","2021","40-49","Food Standards Agency","5","[c]","[c]","[c]"
"Leaver CS","2021","40-49","Foreign, Commonwealth and Development Office","30","[c]","51670","56860"
"Leaver CS","2021","40-49","HM Land Registry","35","[c]","35900","27130"
"Leaver CS","2021","40-49","HM Revenue and Customs","650","[c]","29210","25930"
"Leaver CS","2021","40-49","HM Treasury","20","[c]","[c]","[c]"
"Leaver CS","2021","40-49","Home Office","165","[c]","33480","26460"
"Leaver CS","2021","40-49","Ministry of Defence","360","[c]","34830","30720"
"Leaver CS","2021","40-49","Ministry of Housing, Communities and Local Government","25","[c]","44070","40750"
"Leaver CS","2021","40-49","Ministry of Justice","740","[c]","30450","22740"
"Leaver CS","2021","40-49","National Crime Agency","25","[c]","50280","45480"
"Leaver CS","2021","40-49","Northern Ireland Office","[c]","[c]","[c]","[c]"
"Leaver CS","2021","40-49","Office for Standards in Education","20","[c]","52240","51360"
"Leaver CS","2021","40-49","Office of Gas and Electricity Markets","25","[c]","52800","45000"
"Leaver CS","2021","40-49","Office of Qualifications and Examinations Regulation","[c]","[c]","[c]","[c]"
"Leaver CS","2021","40-49","Office of Rail and Road","[c]","[c]","[c]","[c]"
"Leaver CS","2021","40-49","Other Cabinet Office Agencies","10","[c]","[c]","[c]"
"Leaver CS","2021","40-49","Scotland Office","[c]","[c]","[c]","[c]"
"Leaver CS","2021","40-49","Scottish Government","105","[c]","36750","31590"
"Leaver CS","2021","40-49","The National Archives","5","[c]","[c]","[c]"
"Leaver CS","2021","40-49","UK Export Finance","[c]","[c]","[c]","[c]"
"Leaver CS","2021","40-49","United Kingdom Statistics Authority","30","[c]","33830","36030"
"Leaver CS","2021","40-49","Wales Office","[c]","[c]","[c]","[c]"
"Leaver CS","2021","40-49","Water Services Regulation Authority","10","[c]","62900","62530"
"Leaver CS","2021","40-49","Welsh Government","15","[c]","50420","43760"
"Leaver CS","2021","50-59","Attorney General's Departments","85","[c]","56890","55610"
"Leaver CS","2021","50-59","Cabinet Office","60","[c]","73860","64500"
"Leaver CS","2021","50-59","Chancellor's other departments","10","[c]","56910","49720"
"Leaver CS","2021","50-59","Charity Commission","15","[c]","47700","37910"
"Leaver CS","2021","50-59","Competition and Markets Authority","10","[c]","78460","76940"
"Leaver CS","2021","50-59","Department for Business, Energy and Industrial Strategy","80","[c]","47470","41760"
"Leaver CS","2021","50-59","Department for Digital, Culture, Media and Sport","10","[c]","[c]","[c]"
"Leaver CS","2021","50-59","Department for Education","50","[c]","49200","50630"
"Leaver CS","2021","50-59","Department for Environment, Food and Rural Affairs","85","[c]","39610","36030"
"Leaver CS","2021","50-59","Department for International Trade","10","[c]","[c]","[c]"
"Leaver CS","2021","50-59","Department for Transport","125","[c]","33540","26430"
"Leaver CS","2021","50-59","Department for Work and Pensions","1030","[c]","27960","27570"
"Leaver CS","2021","50-59","Department of Health and Social Care","155","[c]","52210","45750"
"Leaver CS","2021","50-59","ESTYN","[c]","[c]","[c]","[c]"
"Leaver CS","2021","50-59","Food Standards Agency","10","[c]","37840","37050"
"Leaver CS","2021","50-59","Foreign, Commonwealth and Development Office","55","[c]","51530","48870"
"Leaver CS","2021","50-59","HM Land Registry","60","[c]","33090","30150"
"Leaver CS","2021","50-59","HM Revenue and Customs","2000","[c]","31680","27500"
"Leaver CS","2021","50-59","HM Treasury","15","[c]","[c]","[c]"
"Leaver CS","2021","50-59","Home Office","320","[c]","33630","27300"
"Leaver CS","2021","50-59","Ministry of Defence","710","[c]","35620","33180"
"Leaver CS","2021","50-59","Ministry of Housing, Communities and Local Government","15","[c]","46090","48200"
"Leaver CS","2021","50-59","Ministry of Justice","1090","[c]","29690","22330"
"Leaver CS","2021","50-59","National Crime Agency","60","[c]","49170","44080"
"Leaver CS","2021","50-59","Northern Ireland Office","[c]","[c]","[c]","[c]"
"Leaver CS","2021","50-59","Office for Standards in Education","30","[c]","64230","75500"
"Leaver CS","2021","50-59","Office of Gas and Electricity Markets","10","[c]","[c]","[c]"
"Leaver CS","2021","50-59","Office of Qualifications and Examinations Regulation","5","[c]","[c]","[c]"
"Leaver CS","2021","50-59","Office of Rail and Road","[c]","[c]","[c]","[c]"
"Leaver CS","2021","50-59","Other Cabinet Office Agencies","10","[c]","[c]","[c]"
"Leaver CS","2021","50-59","Scotland Office","[c]","[c]","[c]","[c]"
"Leaver CS","2021","50-59","Scottish Government","195","[c]","40260","33650"
"Leaver CS","2021","50-59","The National Archives","[c]","[c]","[c]","[c]"
"Leaver CS","2021","50-59","UK Export Finance","[c]","[c]","[c]","[c]"
"Leaver CS","2021","50-59","UK Supreme Court","[c]","[c]","[c]","[c]"
"Leaver CS","2021","50-59","United Kingdom Statistics Authority","45","[c]","31760","22130"
"Leaver CS","2021","50-59","Water Services Regulation Authority","[c]","[c]","[c]","[c]"
"Leaver CS","2021","50-59","Welsh Government","25","[c]","40140","36500"
"Leaver CS","2021","60-64","Attorney General's Departments","75","[c]","56840","55610"
"Leaver CS","2021","60-64","Cabinet Office","25","[c]","54970","34610"
"Leaver CS","2021","60-64","Charity Commission","[c]","[c]","[c]","[c]"
"Leaver CS","2021","60-64","Competition and Markets Authority","[c]","[c]","[c]","[c]"
"Leaver CS","2021","60-64","Department for Business, Energy and Industrial Strategy","70","[c]","48450","43780"
"Leaver CS","2021","60-64","Department for Digital, Culture, Media and Sport","[c]","[c]","[c]","[c]"
"Leaver CS","2021","60-64","Department for Education","35","[c]","48920","48860"
"Leaver CS","2021","60-64","Department for Environment, Food and Rural Affairs","75","[c]","40560","36520"
"Leaver CS","2021","60-64","Department for International Trade","10","[c]","55380","43170"
"Leaver CS","2021","60-64","Department for Transport","120","[c]","32220","26780"
"Leaver CS","2021","60-64","Department for Work and Pensions","905","[c]","28510","27570"
"Leaver CS","2021","60-64","Department of Health and Social Care","90","[c]","61940","51200"
"Leaver CS","2021","60-64","ESTYN","[c]","[c]","[c]","[c]"
"Leaver CS","2021","60-64","Food Standards Agency","10","[c]","47250","45740"
"Leaver CS","2021","60-64","Foreign, Commonwealth and Development Office","55","[c]","46320","42440"
"Leaver CS","2021","60-64","HM Land Registry","55","[c]","34870","33180"
"Leaver CS","2021","60-64","HM Revenue and Customs","1205","[c]","34860","32910"
"Leaver CS","2021","60-64","HM Treasury","10","[c]","[c]","[c]"
"Leaver CS","2021","60-64","Home Office","165","[c]","31470","28350"
"Leaver CS","2021","60-64","Ministry of Defence","720","[c]","34680","32430"
"Leaver CS","2021","60-64","Ministry of Housing, Communities and Local Government","20","[c]","56780","58370"
"Leaver CS","2021","60-64","Ministry of Justice","680","[c]","27530","20650"
"Leaver CS","2021","60-64","National Crime Agency","35","[c]","41440","39720"
"Leaver CS","2021","60-64","Office for Standards in Education","30","[c]","60320","51360"
"Leaver CS","2021","60-64","Office of Gas and Electricity Markets","[c]","[c]","[c]","[c]"
"Leaver CS","2021","60-64","Office of Qualifications and Examinations Regulation","[c]","[c]","[c]","[c]"
"Leaver CS","2021","60-64","Office of Rail and Road","[c]","[c]","[c]","[c]"
"Leaver CS","2021","60-64","Other Cabinet Office Agencies","[c]","[c]","[c]","[c]"
"Leaver CS","2021","60-64","Scotland Office","[c]","[c]","[c]","[c]"
"Leaver CS","2021","60-64","Scottish Government","200","[c]","42110","35110"
"Leaver CS","2021","60-64","The National Archives","[c]","[c]","[c]","[c]"
"Leaver CS","2021","60-64","UK Export Finance","5","[c]","[c]","[c]"
"Leaver CS","2021","60-64","UK Supreme Court","[c]","[c]","[c]","[c]"
"Leaver CS","2021","60-64","United Kingdom Statistics Authority","30","[c]","30740","19520"
"Leaver CS","2021","60-64","Water Services Regulation Authority","[c]","[c]","[c]","[c]"
"Leaver CS","2021","60-64","Welsh Government","40","[c]","56290","57290"
"Leaver CS","2021","65+","Attorney General's Departments","45","[c]","45020","51930"
"Leaver CS","2021","65+","Cabinet Office","10","[c]","[c]","[c]"
"Leaver CS","2021","65+","Charity Commission","[c]","[c]","[c]","[c]"
"Leaver CS","2021","65+","Competition and Markets Authority","[c]","[c]","[c]","[c]"
"Leaver CS","2021","65+","Department for Business, Energy and Industrial Strategy","50","[c]","37390","34500"
"Leaver CS","2021","65+","Department for Digital, Culture, Media and Sport","[c]","[c]","[c]","[c]"
"Leaver CS","2021","65+","Department for Education","10","[c]","45080","42420"
"Leaver CS","2021","65+","Department for Environment, Food and Rural Affairs","50","[c]","35750","29560"
"Leaver CS","2021","65+","Department for International Trade","[c]","[c]","[c]","[c]"
"Leaver CS","2021","65+","Department for Transport","135","[c]","29920","26380"
"Leaver CS","2021","65+","Department for Work and Pensions","795","[c]","26000","26120"
"Leaver CS","2021","65+","Department of Health and Social Care","45","[c]","48970","32000"
"Leaver CS","2021","65+","ESTYN","[c]","[c]","[c]","[c]"
"Leaver CS","2021","65+","Food Standards Agency","10","[c]","32000","28940"
"Leaver CS","2021","65+","Foreign, Commonwealth and Development Office","40","[c]","41090","33930"
"Leaver CS","2021","65+","HM Land Registry","30","[c]","31560","27130"
"Leaver CS","2021","65+","HM Revenue and Customs","725","[c]","31210","27500"
"Leaver CS","2021","65+","HM Treasury","[c]","[c]","[c]","[c]"
"Leaver CS","2021","65+","Home Office","160","[c]","27350","25120"
"Leaver CS","2021","65+","Ministry of Defence","555","[c]","29920","26240"
"Leaver CS","2021","65+","Ministry of Housing, Communities and Local Government","20","[c]","47520","49010"
"Leaver CS","2021","65+","Ministry of Justice","700","[c]","22280","20100"
"Leaver CS","2021","65+","National Crime Agency","10","[c]","41750","42170"
"Leaver CS","2021","65+","Office for Standards in Education","15","[c]","48980","51360"
"Leaver CS","2021","65+","Office of Qualifications and Examinations Regulation","[c]","[c]","[c]","[c]"
"Leaver CS","2021","65+","Office of Rail and Road","[c]","[c]","[c]","[c]"
"Leaver CS","2021","65+","Other Cabinet Office Agencies","[c]","[c]","[c]","[c]"
"Leaver CS","2021","65+","Scottish Government","115","[c]","34100","29030"
"Leaver CS","2021","65+","The National Archives","[c]","[c]","[c]","[c]"
"Leaver CS","2021","65+","UK Export Finance","[c]","[c]","[c]","[c]"
"Leaver CS","2021","65+","UK Supreme Court","[c]","[c]","[c]","[c]"
"Leaver CS","2021","65+","United Kingdom Statistics Authority","45","[c]","23910","19520"
"Leaver CS","2021","65+","Welsh Government","20","[c]","39670","36500"
"Leaver CS","2021","Unknown","Department for Business, Energy and Industrial Strategy","10","[c]","[c]","[c]"
"Leaver CS","2021","Unknown","Department for Education","[c]","[c]","[c]","[c]"
"Leaver CS","2021","Unknown","Department for International Trade","5","[c]","[c]","[c]"
"Leaver CS","2021","Unknown","Department for Work and Pensions","[c]","[c]","[c]","[c]"
"Leaver CS","2021","Unknown","Department of Health and Social Care","80","[c]","[c]","[c]"
"Leaver CS","2021","Unknown","Ministry of Defence","[c]","[c]","[c]","[c]"
"Leaver CS","2021","Unknown","Other Cabinet Office Agencies","15","[c]","48310","53140"
"Leaver CS","2021","Unknown","United Kingdom Statistics Authority","[c]","[c]","[c]","[c]"
"Leaver Dept.","2021","16-19","Cabinet Office","[c]","[c]","[c]","[c]"
"Leaver Dept.","2021","16-19","Department for Transport","[c]","[c]","[c]","[c]"
"Leaver Dept.","2021","16-19","Department for Work and Pensions","[c]","[c]","[c]","[c]"
"Leaver Dept.","2021","16-19","HM Revenue and Customs","[c]","[c]","[c]","[c]"
"Leaver Dept.","2021","16-19","Home Office","[c]","[c]","[c]","[c]"
"Leaver Dept.","2021","16-19","Ministry of Defence","[c]","[c]","[c]","[c]"
"Leaver Dept.","2021","16-19","Ministry of Justice","[c]","[c]","[c]","[c]"
"Leaver Dept.","2021","20-29","Attorney General's Departments","70","[c]","30070","27350"
"Leaver Dept.","2021","20-29","Cabinet Office","745","[c]","32910","32000"
"Leaver Dept.","2021","20-29","Chancellor's other departments","[c]","[c]","[c]","[c]"
"Leaver Dept.","2021","20-29","Charity Commission","5","[c]","[c]","[c]"
"Leaver Dept.","2021","20-29","Competition and Markets Authority","15","[c]","33670","27150"
"Leaver Dept.","2021","20-29","Department for Business, Energy and Industrial Strategy","230","[c]","36630","33570"
"Leaver Dept.","2021","20-29","Department for Digital, Culture, Media and Sport","90","[c]","38080","32620"
"Leaver Dept.","2021","20-29","Department for Education","90","[c]","35090","33300"
"Leaver Dept.","2021","20-29","Department for Environment, Food and Rural Affairs","215","[c]","33490","33120"
"Leaver Dept.","2021","20-29","Department for International Trade","125","[c]","35490","32120"
"Leaver Dept.","2021","20-29","Department for Transport","130","[c]","32940","34330"
"Leaver Dept.","2021","20-29","Department for Work and Pensions","370","[c]","27940","27570"
"Leaver Dept.","2021","20-29","Department of Health and Social Care","70","[c]","35550","33020"
"Leaver Dept.","2021","20-29","Food Standards Agency","10","[c]","37840","33810"
"Leaver Dept.","2021","20-29","Foreign, Commonwealth and Development Office","135","[c]","37830","38600"
"Leaver Dept.","2021","20-29","HM Revenue and Customs","585","[c]","30820","27250"
"Leaver Dept.","2021","20-29","HM Treasury","65","[c]","[c]","[c]"
"Leaver Dept.","2021","20-29","Home Office","355","[c]","30840","28670"
"Leaver Dept.","2021","20-29","Ministry of Defence","280","[c]","29920","28610"
"Leaver Dept.","2021","20-29","Ministry of Housing, Communities and Local Government","160","[c]","33270","32560"
"Leaver Dept.","2021","20-29","Ministry of Justice","400","[c]","27480","25160"
"Leaver Dept.","2021","20-29","National Crime Agency","20","[c]","36260","36020"
"Leaver Dept.","2021","20-29","Northern Ireland Office","5","[c]","[c]","[c]"
"Leaver Dept.","2021","20-29","Office for Standards in Education","15","[c]","30810","31850"
"Leaver Dept.","2021","20-29","Office of Gas and Electricity Markets","20","[c]","32510","26350"
"Leaver Dept.","2021","20-29","Office of Qualifications and Examinations Regulation","[c]","[c]","[c]","[c]"
"Leaver Dept.","2021","20-29","Office of Rail and Road","[c]","[c]","[c]","[c]"
"Leaver Dept.","2021","20-29","Other Cabinet Office Agencies","[c]","[c]","[c]","[c]"
"Leaver Dept.","2021","20-29","Scotland Office","10","[c]","[c]","[c]"
"Leaver Dept.","2021","20-29","Scottish Government","25","[c]","28220","24520"
"Leaver Dept.","2021","20-29","The National Archives","[c]","[c]","[c]","[c]"
"Leaver Dept.","2021","20-29","UK Export Finance","10","[c]","[c]","[c]"
"Leaver Dept.","2021","20-29","United Kingdom Statistics Authority","65","[c]","29020","29540"
"Leaver Dept.","2021","20-29","Wales Office","5","[c]","[c]","[c]"
"Leaver Dept.","2021","20-29","Welsh Government","10","[c]","28180","26290"
"Leaver Dept.","2021","30-39","Attorney General's Departments","55","[c]","47770","51250"
"Leaver Dept.","2021","30-39","Cabinet Office","390","[c]","44900","39380"
"Leaver Dept.","2021","30-39","Chancellor's other departments","[c]","[c]","[c]","[c]"
"Leaver Dept.","2021","30-39","Charity Commission","5","[c]","[c]","[c]"
"Leaver Dept.","2021","30-39","Competition and Markets Authority","5","[c]","[c]","[c]"
"Leaver Dept.","2021","30-39","Department for Business, Energy and Industrial Strategy","205","[c]","44920","50000"
"Leaver Dept.","2021","30-39","Department for Digital, Culture, Media and Sport","75","[c]","48730","49720"
"Leaver Dept.","2021","30-39","Department for Education","90","[c]","44370","43670"
"Leaver Dept.","2021","30-39","Department for Environment, Food and Rural Affairs","145","[c]","39910","36970"
"Leaver Dept.","2021","30-39","Department for International Trade","70","[c]","46230","50700"
"Leaver Dept.","2021","30-39","Department for Transport","160","[c]","38120","35430"
"Leaver Dept.","2021","30-39","Department for Work and Pensions","365","[c]","30300","27570"
"Leaver Dept.","2021","30-39","Department of Health and Social Care","45","[c]","48890","52060"
"Leaver Dept.","2021","30-39","Food Standards Agency","15","[c]","41810","37910"
"Leaver Dept.","2021","30-39","Foreign, Commonwealth and Development Office","130","[c]","49670","52250"
"Leaver Dept.","2021","30-39","HM Revenue and Customs","515","[c]","32330","28250"
"Leaver Dept.","2021","30-39","HM Treasury","60","[c]","[c]","[c]"
"Leaver Dept.","2021","30-39","Home Office","350","[c]","35000","29860"
"Leaver Dept.","2021","30-39","Ministry of Defence","255","[c]","38370","37370"
"Leaver Dept.","2021","30-39","Ministry of Housing, Communities and Local Government","135","[c]","45620","51360"
"Leaver Dept.","2021","30-39","Ministry of Justice","440","[c]","31880","26550"
"Leaver Dept.","2021","30-39","National Crime Agency","15","[c]","43690","39270"
"Leaver Dept.","2021","30-39","Northern Ireland Office","10","[c]","[c]","[c]"
"Leaver Dept.","2021","30-39","Office for Standards in Education","20","[c]","35970","32010"
"Leaver Dept.","2021","30-39","Office of Gas and Electricity Markets","25","[c]","43990","38550"
"Leaver Dept.","2021","30-39","Office of Qualifications and Examinations Regulation","[c]","[c]","[c]","[c]"
"Leaver Dept.","2021","30-39","Office of Rail and Road","5","[c]","[c]","[c]"
"Leaver Dept.","2021","30-39","Other Cabinet Office Agencies","10","[c]","[c]","[c]"
"Leaver Dept.","2021","30-39","Scotland Office","[c]","[c]","[c]","[c]"
"Leaver Dept.","2021","30-39","Scottish Government","25","[c]","34100","30160"
"Leaver Dept.","2021","30-39","The National Archives","[c]","[c]","[c]","[c]"
"Leaver Dept.","2021","30-39","UK Export Finance","[c]","[c]","[c]","[c]"
"Leaver Dept.","2021","30-39","United Kingdom Statistics Authority","35","[c]","38860","36840"
"Leaver Dept.","2021","30-39","Wales Office","[c]","[c]","[c]","[c]"
"Leaver Dept.","2021","30-39","Water Services Regulation Authority","[c]","[c]","[c]","[c]"
"Leaver Dept.","2021","30-39","Welsh Government","10","[c]","[c]","[c]"
"Leaver Dept.","2021","40-49","Attorney General's Departments","40","[c]","55780","59960"
"Leaver Dept.","2021","40-49","Cabinet Office","155","[c]","53240","54470"
"Leaver Dept.","2021","40-49","Chancellor's other departments","[c]","[c]","[c]","[c]"
"Leaver Dept.","2021","40-49","Charity Commission","[c]","[c]","[c]","[c]"
"Leaver Dept.","2021","40-49","Competition and Markets Authority","5","[c]","[c]","[c]"
"Leaver Dept.","2021","40-49","Department for Business, Energy and Industrial Strategy","100","[c]","49770","51510"
"Leaver Dept.","2021","40-49","Department for Digital, Culture, Media and Sport","20","[c]","59990","57720"
"Leaver Dept.","2021","40-49","Department for Education","55","[c]","51480","50630"
"Leaver Dept.","2021","40-49","Department for Environment, Food and Rural Affairs","100","[c]","44820","40020"
"Leaver Dept.","2021","40-49","Department for International Trade","40","[c]","55890","53840"
"Leaver Dept.","2021","40-49","Department for Transport","70","[c]","41010","35070"
"Leaver Dept.","2021","40-49","Department for Work and Pensions","355","[c]","31590","27570"
"Leaver Dept.","2021","40-49","Department of Health and Social Care","30","[c]","57040","58840"
"Leaver Dept.","2021","40-49","Food Standards Agency","5","[c]","[c]","[c]"
"Leaver Dept.","2021","40-49","Foreign, Commonwealth and Development Office","55","[c]","60520","60720"
"Leaver Dept.","2021","40-49","HM Revenue and Customs","335","[c]","34130","25680"
"Leaver Dept.","2021","40-49","HM Treasury","20","[c]","[c]","[c]"
"Leaver Dept.","2021","40-49","Home Office","230","[c]","41660","31680"
"Leaver Dept.","2021","40-49","Ministry of Defence","175","[c]","43330","39880"
"Leaver Dept.","2021","40-49","Ministry of Housing, Communities and Local Government","45","[c]","50670","51580"
"Leaver Dept.","2021","40-49","Ministry of Justice","255","[c]","41010","34940"
"Leaver Dept.","2021","40-49","National Crime Agency","15","[c]","47530","47800"
"Leaver Dept.","2021","40-49","Northern Ireland Office","15","[c]","53720","45240"
"Leaver Dept.","2021","40-49","Office for Standards in Education","15","[c]","51540","61010"
"Leaver Dept.","2021","40-49","Office of Gas and Electricity Markets","10","[c]","54540","53870"
"Leaver Dept.","2021","40-49","Office of Qualifications and Examinations Regulation","[c]","[c]","[c]","[c]"
"Leaver Dept.","2021","40-49","Office of Rail and Road","5","[c]","[c]","[c]"
"Leaver Dept.","2021","40-49","Other Cabinet Office Agencies","[c]","[c]","[c]","[c]"
"Leaver Dept.","2021","40-49","Scottish Government","10","[c]","37270","34830"
"Leaver Dept.","2021","40-49","UK Export Finance","5","[c]","[c]","[c]"
"Leaver Dept.","2021","40-49","United Kingdom Statistics Authority","25","[c]","46990","52030"
"Leaver Dept.","2021","40-49","Wales Office","[c]","[c]","[c]","[c]"
"Leaver Dept.","2021","40-49","Welsh Government","5","[c]","[c]","[c]"
"Leaver Dept.","2021","50-59","Attorney General's Departments","25","[c]","50430","53730"
"Leaver Dept.","2021","50-59","Cabinet Office","85","[c]","52500","53280"
"Leaver Dept.","2021","50-59","Chancellor's other departments","[c]","[c]","[c]","[c]"
"Leaver Dept.","2021","50-59","Charity Commission","[c]","[c]","[c]","[c]"
"Leaver Dept.","2021","50-59","Competition and Markets Authority","[c]","[c]","[c]","[c]"
"Leaver Dept.","2021","50-59","Department for Business, Energy and Industrial Strategy","45","[c]","56660","51360"
"Leaver Dept.","2021","50-59","Department for Digital, Culture, Media and Sport","10","[c]","57530","43110"
"Leaver Dept.","2021","50-59","Department for Education","25","[c]","47840","50630"
"Leaver Dept.","2021","50-59","Department for Environment, Food and Rural Affairs","65","[c]","40730","38750"
"Leaver Dept.","2021","50-59","Department for International Trade","25","[c]","50990","51970"
"Leaver Dept.","2021","50-59","Department for Transport","45","[c]","40150","33350"
"Leaver Dept.","2021","50-59","Department for Work and Pensions","280","[c]","32370","27570"
"Leaver Dept.","2021","50-59","Department of Health and Social Care","10","[c]","[c]","[c]"
"Leaver Dept.","2021","50-59","ESTYN","[c]","[c]","[c]","[c]"
"Leaver Dept.","2021","50-59","Food Standards Agency","5","[c]","[c]","[c]"
"Leaver Dept.","2021","50-59","Foreign, Commonwealth and Development Office","25","[c]","53170","49960"
"Leaver Dept.","2021","50-59","HM Revenue and Customs","235","[c]","44510","26500"
"Leaver Dept.","2021","50-59","HM Treasury","10","[c]","[c]","[c]"
"Leaver Dept.","2021","50-59","Home Office","130","[c]","38880","31610"
"Leaver Dept.","2021","50-59","Ministry of Defence","130","[c]","43850","40030"
"Leaver Dept.","2021","50-59","Ministry of Housing, Communities and Local Government","25","[c]","45150","39210"
"Leaver Dept.","2021","50-59","Ministry of Justice","200","[c]","36150","30320"
"Leaver Dept.","2021","50-59","National Crime Agency","15","[c]","59690","56260"
"Leaver Dept.","2021","50-59","Northern Ireland Office","[c]","[c]","[c]","[c]"
"Leaver Dept.","2021","50-59","Office for Standards in Education","5","[c]","[c]","[c]"
"Leaver Dept.","2021","50-59","Office of Gas and Electricity Markets","[c]","[c]","[c]","[c]"
"Leaver Dept.","2021","50-59","Other Cabinet Office Agencies","5","[c]","[c]","[c]"
"Leaver Dept.","2021","50-59","Scotland Office","[c]","[c]","[c]","[c]"
"Leaver Dept.","2021","50-59","Scottish Government","15","[c]","42360","35110"
"Leaver Dept.","2021","50-59","United Kingdom Statistics Authority","25","[c]","37940","33080"
"Leaver Dept.","2021","50-59","Wales Office","[c]","[c]","[c]","[c]"
"Leaver Dept.","2021","50-59","Welsh Government","[c]","[c]","[c]","[c]"
"Leaver Dept.","2021","60-64","Attorney General's Departments","[c]","[c]","[c]","[c]"
"Leaver Dept.","2021","60-64","Cabinet Office","5","[c]","[c]","[c]"
"Leaver Dept.","2021","60-64","Department for Business, Energy and Industrial Strategy","5","[c]","[c]","[c]"
"Leaver Dept.","2021","60-64","Department for Digital, Culture, Media and Sport","[c]","[c]","[c]","[c]"
"Leaver Dept.","2021","60-64","Department for Education","[c]","[c]","[c]","[c]"
"Leaver Dept.","2021","60-64","Department for Environment, Food and Rural Affairs","15","[c]","33390","30040"
"Leaver Dept.","2021","60-64","Department for International Trade","[c]","[c]","[c]","[c]"
"Leaver Dept.","2021","60-64","Department for Transport","[c]","[c]","[c]","[c]"
"Leaver Dept.","2021","60-64","Department for Work and Pensions","20","[c]","29780","27570"
"Leaver Dept.","2021","60-64","Department of Health and Social Care","[c]","[c]","[c]","[c]"
"Leaver Dept.","2021","60-64","Foreign, Commonwealth and Development Office","[c]","[c]","[c]","[c]"
"Leaver Dept.","2021","60-64","HM Revenue and Customs","20","[c]","[c]","[c]"
"Leaver Dept.","2021","60-64","Home Office","10","[c]","[c]","[c]"
"Leaver Dept.","2021","60-64","Ministry of Defence","15","[c]","31340","26670"
"Leaver Dept.","2021","60-64","Ministry of Housing, Communities and Local Government","[c]","[c]","[c]","[c]"
"Leaver Dept.","2021","60-64","Ministry of Justice","15","[c]","24310","20630"
"Leaver Dept.","2021","60-64","Scottish Government","[c]","[c]","[c]","[c]"
"Leaver Dept.","2021","60-64","The National Archives","[c]","[c]","[c]","[c]"
"Leaver Dept.","2021","60-64","United Kingdom Statistics Authority","5","[c]","[c]","[c]"
"Leaver Dept.","2021","60-64","Welsh Government","[c]","[c]","[c]","[c]"
"Leaver Dept.","2021","65+","Cabinet Office","[c]","[c]","[c]","[c]"
"Leaver Dept.","2021","65+","Department for International Trade","[c]","[c]","[c]","[c]"
"Leaver Dept.","2021","65+","HM Revenue and Customs","[c]","[c]","[c]","[c]"
"Leaver Dept.","2021","65+","Home Office","[c]","[c]","[c]","[c]"
"Leaver Dept.","2021","65+","Ministry of Defence","5","[c]","[c]","[c]"
"Leaver Dept.","2021","65+","Ministry of Housing, Communities and Local Government","[c]","[c]","[c]","[c]"
"Leaver Dept.","2021","65+","Ministry of Justice","[c]","[c]","[c]","[c]"
"Leaver Dept.","2021","65+","Welsh Government","[c]","[c]","[c]","[c]"
"Leaver Dept.","2021","Unknown","Department for Business, Energy and Industrial Strategy","40","[c]","44450","40220"
"Leaver Dept.","2021","Unknown","Department for Digital, Culture, Media and Sport","[c]","[c]","[c]","[c]"
"Leaver Dept.","2021","Unknown","Department for International Trade","[c]","[c]","[c]","[c]"
"Leaver Dept.","2021","Unknown","Department of Health and Social Care","70","[c]","[c]","[c]"
"Leaver Dept.","2021","Unknown","Other Cabinet Office Agencies","15","[c]","48050","50930"
"New entrant CS","2021","16-19","Attorney General's Departments","15","[c]","20970","21040"
"New entrant CS","2021","16-19","Cabinet Office","15","[c]","24420","24490"
"New entrant CS","2021","16-19","Chancellor's other departments","[c]","[c]","[c]","[c]"
"New entrant CS","2021","16-19","Department for Business, Energy and Industrial Strategy","20","[c]","23240","20880"
"New entrant CS","2021","16-19","Department for Education","5","[c]","[c]","[c]"
"New entrant CS","2021","16-19","Department for Environment, Food and Rural Affairs","25","[c]","23760","24370"
"New entrant CS","2021","16-19","Department for International Trade","[c]","[c]","[c]","[c]"
"New entrant CS","2021","16-19","Department for Transport","45","[c]","19880","18060"
"New entrant CS","2021","16-19","Department for Work and Pensions","210","[c]","22500","21010"
"New entrant CS","2021","16-19","Department of Health and Social Care","30","[c]","21620","19830"
"New entrant CS","2021","16-19","HM Land Registry","10","[c]","21940","22350"
"New entrant CS","2021","16-19","HM Revenue and Customs","160","[c]","20660","20140"
"New entrant CS","2021","16-19","HM Treasury","20","[c]","24300","24300"
"New entrant CS","2021","16-19","Home Office","45","[c]","22320","21430"
"New entrant CS","2021","16-19","Ministry of Defence","100","[c]","18410","16780"
"New entrant CS","2021","16-19","Ministry of Justice","130","[c]","21750","20600"
"New entrant CS","2021","16-19","National Crime Agency","[c]","[c]","[c]","[c]"
"New entrant CS","2021","16-19","Office of Rail and Road","[c]","[c]","[c]","[c]"
"New entrant CS","2021","16-19","Other Cabinet Office Agencies","[c]","[c]","[c]","[c]"
"New entrant CS","2021","16-19","Scottish Government","35","[c]","20390","20060"
"New entrant CS","2021","16-19","The National Archives","[c]","[c]","[c]","[c]"
"New entrant CS","2021","16-19","United Kingdom Statistics Authority","10","[c]","20930","20630"
"New entrant CS","2021","16-19","Welsh Government","[c]","[c]","[c]","[c]"
"New entrant CS","2021","20-29","Attorney General's Departments","470","[c]","27070","24590"
"New entrant CS","2021","20-29","Cabinet Office","1045","[c]","29640","28000"
"New entrant CS","2021","20-29","Chancellor's other departments","25","[c]","29160","24090"
"New entrant CS","2021","20-29","Charity Commission","20","[c]","25720","24440"
"New entrant CS","2021","20-29","Competition and Markets Authority","30","[c]","38780","33120"
"New entrant CS","2021","20-29","Department for Business, Energy and Industrial Strategy","790","[c]","30840","33570"
"New entrant CS","2021","20-29","Department for Digital, Culture, Media and Sport","235","[c]","35550","34020"
"New entrant CS","2021","20-29","Department for Education","350","[c]","30870","29360"
"New entrant CS","2021","20-29","Department for Environment, Food and Rural Affairs","750","[c]","29130","28310"
"New entrant CS","2021","20-29","Department for International Trade","250","[c]","29080","31800"
"New entrant CS","2021","20-29","Department for Transport","615","[c]","28140","27990"
"New entrant CS","2021","20-29","Department for Work and Pensions","6135","[c]","26350","27570"
"New entrant CS","2021","20-29","Department of Health and Social Care","1380","[c]","29300","28590"
"New entrant CS","2021","20-29","ESTYN","[c]","[c]","[c]","[c]"
"New entrant CS","2021","20-29","Food Standards Agency","25","[c]","28510","30350"
"New entrant CS","2021","20-29","HM Land Registry","290","[c]","23840","22350"
"New entrant CS","2021","20-29","HM Revenue and Customs","2520","[c]","23540","20140"
"New entrant CS","2021","20-29","HM Treasury","300","[c]","30900","28500"
"New entrant CS","2021","20-29","Home Office","975","[c]","28550","25630"
"New entrant CS","2021","20-29","Ministry of Defence","1335","[c]","25310","24890"
"New entrant CS","2021","20-29","Ministry of Housing, Communities and Local Government","185","[c]","29920","27850"
"New entrant CS","2021","20-29","Ministry of Justice","4150","[c]","23640","22850"
"New entrant CS","2021","20-29","National Crime Agency","400","[c]","30580","28840"
"New entrant CS","2021","20-29","Northern Ireland Office","10","[c]","[c]","[c]"
"New entrant CS","2021","20-29","Office for Standards in Education","35","[c]","27750","25880"
"New entrant CS","2021","20-29","Office of Gas and Electricity Markets","150","[c]","27230","25750"
"New entrant CS","2021","20-29","Office of Qualifications and Examinations Regulation","10","[c]","[c]","[c]"
"New entrant CS","2021","20-29","Office of Rail and Road","10","[c]","[c]","[c]"
"New entrant CS","2021","20-29","Other Cabinet Office Agencies","60","[c]","31770","27770"
"New entrant CS","2021","20-29","Scotland Office","10","[c]","28090","26410"
"New entrant CS","2021","20-29","Scottish Government","705","[c]","25370","23340"
"New entrant CS","2021","20-29","The National Archives","20","[c]","24810","22990"
"New entrant CS","2021","20-29","UK Export Finance","20","[c]","33040","33000"
"New entrant CS","2021","20-29","UK Supreme Court","10","[c]","34890","37230"
"New entrant CS","2021","20-29","United Kingdom Statistics Authority","505","[c]","28530","29540"
"New entrant CS","2021","20-29","Wales Office","5","[c]","[c]","[c]"
"New entrant CS","2021","20-29","Water Services Regulation Authority","10","[c]","[c]","[c]"
"New entrant CS","2021","20-29","Welsh Government","85","[c]","22610","20500"
"New entrant CS","2021","30-39","Attorney General's Departments","260","[c]","40590","43920"
"New entrant CS","2021","30-39","Cabinet Office","325","[c]","47140","40600"
"New entrant CS","2021","30-39","Chancellor's other departments","10","[c]","56170","59000"
"New entrant CS","2021","30-39","Charity Commission","15","[c]","32410","29160"
"New entrant CS","2021","30-39","Competition and Markets Authority","30","[c]","55090","54320"
"New entrant CS","2021","30-39","Department for Business, Energy and Industrial Strategy","350","[c]","34870","32060"
"New entrant CS","2021","30-39","Department for Digital, Culture, Media and Sport","110","[c]","43000","34020"
"New entrant CS","2021","30-39","Department for Education","210","[c]","39050","36500"
"New entrant CS","2021","30-39","Department for Environment, Food and Rural Affairs","400","[c]","34410","32560"
"New entrant CS","2021","30-39","Department for International Trade","80","[c]","42530","38160"
"New entrant CS","2021","30-39","Department for Transport","330","[c]","35240","33350"
"New entrant CS","2021","30-39","Department for Work and Pensions","4065","[c]","27410","27570"
"New entrant CS","2021","30-39","Department of Health and Social Care","720","[c]","39100","36820"
"New entrant CS","2021","30-39","Food Standards Agency","25","[c]","36550","37350"
"New entrant CS","2021","30-39","Foreign, Commonwealth and Development Office","[c]","[c]","[c]","[c]"
"New entrant CS","2021","30-39","HM Land Registry","185","[c]","28360","22350"
"New entrant CS","2021","30-39","HM Revenue and Customs","1245","[c]","25430","20140"
"New entrant CS","2021","30-39","HM Treasury","90","[c]","40910","36000"
"New entrant CS","2021","30-39","Home Office","490","[c]","33200","25990"
"New entrant CS","2021","30-39","Ministry of Defence","925","[c]","32070","28650"
"New entrant CS","2021","30-39","Ministry of Housing, Communities and Local Government","125","[c]","37140","36340"
"New entrant CS","2021","30-39","Ministry of Justice","2080","[c]","26070","22920"
"New entrant CS","2021","30-39","National Crime Agency","280","[c]","34980","34140"
"New entrant CS","2021","30-39","Northern Ireland Office","10","[c]","[c]","[c]"
"New entrant CS","2021","30-39","Office for Standards in Education","55","[c]","48700","46360"
"New entrant CS","2021","30-39","Office of Gas and Electricity Markets","70","[c]","36480","33400"
"New entrant CS","2021","30-39","Office of Qualifications and Examinations Regulation","20","[c]","33240","31000"
"New entrant CS","2021","30-39","Office of Rail and Road","10","[c]","47390","50810"
"New entrant CS","2021","30-39","Other Cabinet Office Agencies","65","[c]","36140","34800"
"New entrant CS","2021","30-39","Scotland Office","5","[c]","[c]","[c]"
"New entrant CS","2021","30-39","Scottish Government","600","[c]","31790","30160"
"New entrant CS","2021","30-39","The National Archives","20","[c]","31530","30930"
"New entrant CS","2021","30-39","UK Export Finance","30","[c]","48450","48180"
"New entrant CS","2021","30-39","UK Supreme Court","5","[c]","[c]","[c]"
"New entrant CS","2021","30-39","United Kingdom Statistics Authority","290","[c]","33780","32540"
"New entrant CS","2021","30-39","Wales Office","[c]","[c]","[c]","[c]"
"New entrant CS","2021","30-39","Water Services Regulation Authority","10","[c]","58480","56940"
"New entrant CS","2021","30-39","Welsh Government","55","[c]","28660","25030"
"New entrant CS","2021","40-49","Attorney General's Departments","160","[c]","46050","48080"
"New entrant CS","2021","40-49","Cabinet Office","200","[c]","61470","60250"
"New entrant CS","2021","40-49","Chancellor's other departments","10","[c]","[c]","[c]"
"New entrant CS","2021","40-49","Charity Commission","15","[c]","47620","51070"
"New entrant CS","2021","40-49","Competition and Markets Authority","10","[c]","56140","53920"
"New entrant CS","2021","40-49","Department for Business, Energy and Industrial Strategy","210","[c]","36510","33570"
"New entrant CS","2021","40-49","Department for Digital, Culture, Media and Sport","35","[c]","45630","51730"
"New entrant CS","2021","40-49","Department for Education","125","[c]","42550","38000"
"New entrant CS","2021","40-49","Department for Environment, Food and Rural Affairs","230","[c]","38540","34450"
"New entrant CS","2021","40-49","Department for International Trade","40","[c]","49690","40000"
"New entrant CS","2021","40-49","Department for Transport","205","[c]","36280","30890"
"New entrant CS","2021","40-49","Department for Work and Pensions","3250","[c]","27630","27570"
"New entrant CS","2021","40-49","Department of Health and Social Care","575","[c]","43880","38890"
"New entrant CS","2021","40-49","Food Standards Agency","20","[c]","39680","37910"
"New entrant CS","2021","40-49","Foreign, Commonwealth and Development Office","[c]","[c]","[c]","[c]"
"New entrant CS","2021","40-49","HM Land Registry","125","[c]","28870","22350"
"New entrant CS","2021","40-49","HM Revenue and Customs","775","[c]","27320","20880"
"New entrant CS","2021","40-49","HM Treasury","35","[c]","42790","39200"
"New entrant CS","2021","40-49","Home Office","340","[c]","36380","28650"
"New entrant CS","2021","40-49","Ministry of Defence","860","[c]","34460","31980"
"New entrant CS","2021","40-49","Ministry of Housing, Communities and Local Government","70","[c]","47670","42500"
"New entrant CS","2021","40-49","Ministry of Justice","1190","[c]","26960","22850"
"New entrant CS","2021","40-49","National Crime Agency","165","[c]","37200","36410"
"New entrant CS","2021","40-49","Northern Ireland Office","[c]","[c]","[c]","[c]"
"New entrant CS","2021","40-49","Office for Standards in Education","50","[c]","59220","67500"
"New entrant CS","2021","40-49","Office of Gas and Electricity Markets","55","[c]","44560","40000"
"New entrant CS","2021","40-49","Office of Qualifications and Examinations Regulation","5","[c]","[c]","[c]"
"New entrant CS","2021","40-49","Office of Rail and Road","5","[c]","[c]","[c]"
"New entrant CS","2021","40-49","Other Cabinet Office Agencies","50","[c]","42350","39780"
"New entrant CS","2021","40-49","Scotland Office","[c]","[c]","[c]","[c]"
"New entrant CS","2021","40-49","Scottish Government","390","[c]","34730","30650"
"New entrant CS","2021","40-49","The National Archives","15","[c]","40730","39000"
"New entrant CS","2021","40-49","UK Export Finance","20","[c]","44910","43000"
"New entrant CS","2021","40-49","UK Supreme Court","[c]","[c]","[c]","[c]"
"New entrant CS","2021","40-49","United Kingdom Statistics Authority","135","[c]","37600","36030"
"New entrant CS","2021","40-49","Water Services Regulation Authority","15","[c]","58350","59000"
"New entrant CS","2021","40-49","Welsh Government","25","[c]","36020","37410"
"New entrant CS","2021","50-59","Attorney General's Departments","95","[c]","48780","48080"
"New entrant CS","2021","50-59","Cabinet Office","140","[c]","66030","66000"
"New entrant CS","2021","50-59","Chancellor's other departments","5","[c]","[c]","[c]"
"New entrant CS","2021","50-59","Charity Commission","10","[c]","35770","26800"
"New entrant CS","2021","50-59","Competition and Markets Authority","5","[c]","[c]","[c]"
"New entrant CS","2021","50-59","Department for Business, Energy and Industrial Strategy","105","[c]","40230","33570"
"New entrant CS","2021","50-59","Department for Digital, Culture, Media and Sport","15","[c]","48660","51730"
"New entrant CS","2021","50-59","Department for Education","70","[c]","40060","36570"
"New entrant CS","2021","50-59","Department for Environment, Food and Rural Affairs","175","[c]","38390","35900"
"New entrant CS","2021","50-59","Department for International Trade","15","[c]","43810","38540"
"New entrant CS","2021","50-59","Department for Transport","175","[c]","32520","26580"
"New entrant CS","2021","50-59","Department for Work and Pensions","2850","[c]","26770","27570"
"New entrant CS","2021","50-59","Department of Health and Social Care","440","[c]","44380","38890"
"New entrant CS","2021","50-59","ESTYN","[c]","[c]","[c]","[c]"
"New entrant CS","2021","50-59","Food Standards Agency","20","[c]","34860","32350"
"New entrant CS","2021","50-59","HM Land Registry","80","[c]","25930","22350"
"New entrant CS","2021","50-59","HM Revenue and Customs","585","[c]","27120","20140"
"New entrant CS","2021","50-59","HM Treasury","20","[c]","39830","35000"
"New entrant CS","2021","50-59","Home Office","275","[c]","34760","27240"
"New entrant CS","2021","50-59","Ministry of Defence","855","[c]","32470","29350"
"New entrant CS","2021","50-59","Ministry of Housing, Communities and Local Government","40","[c]","48490","48200"
"New entrant CS","2021","50-59","Ministry of Justice","1000","[c]","24570","21300"
"New entrant CS","2021","50-59","National Crime Agency","190","[c]","38400","36580"
"New entrant CS","2021","50-59","Northern Ireland Office","[c]","[c]","[c]","[c]"
"New entrant CS","2021","50-59","Office for Standards in Education","25","[c]","61440","70500"
"New entrant CS","2021","50-59","Office of Gas and Electricity Markets","25","[c]","45050","32320"
"New entrant CS","2021","50-59","Office of Qualifications and Examinations Regulation","5","[c]","[c]","[c]"
"New entrant CS","2021","50-59","Office of Rail and Road","5","[c]","[c]","[c]"
"New entrant CS","2021","50-59","Other Cabinet Office Agencies","25","[c]","43130","40000"
"New entrant CS","2021","50-59","Scotland Office","[c]","[c]","[c]","[c]"
"New entrant CS","2021","50-59","Scottish Government","285","[c]","34700","28170"
"New entrant CS","2021","50-59","The National Archives","5","[c]","[c]","[c]"
"New entrant CS","2021","50-59","UK Export Finance","15","[c]","55240","50530"
"New entrant CS","2021","50-59","UK Supreme Court","[c]","[c]","[c]","[c]"
"New entrant CS","2021","50-59","United Kingdom Statistics Authority","100","[c]","34840","29540"
"New entrant CS","2021","50-59","Wales Office","[c]","[c]","[c]","[c]"
"New entrant CS","2021","50-59","Water Services Regulation Authority","[c]","[c]","[c]","[c]"
"New entrant CS","2021","50-59","Welsh Government","20","[c]","38090","39310"
"New entrant CS","2021","60-64","Attorney General's Departments","10","[c]","49560","48080"
"New entrant CS","2021","60-64","Cabinet Office","15","[c]","55750","57980"
"New entrant CS","2021","60-64","Department for Business, Energy and Industrial Strategy","15","[c]","35660","31500"
"New entrant CS","2021","60-64","Department for Digital, Culture, Media and Sport","[c]","[c]","[c]","[c]"
"New entrant CS","2021","60-64","Department for Education","10","[c]","45980","49860"
"New entrant CS","2021","60-64","Department for Environment, Food and Rural Affairs","35","[c]","31520","29180"
"New entrant CS","2021","60-64","Department for International Trade","[c]","[c]","[c]","[c]"
"New entrant CS","2021","60-64","Department for Transport","30","[c]","30860","29080"
"New entrant CS","2021","60-64","Department for Work and Pensions","590","[c]","26100","27570"
"New entrant CS","2021","60-64","Department of Health and Social Care","110","[c]","48890","38200"
"New entrant CS","2021","60-64","Food Standards Agency","[c]","[c]","[c]","[c]"
"New entrant CS","2021","60-64","HM Land Registry","5","[c]","[c]","[c]"
"New entrant CS","2021","60-64","HM Revenue and Customs","90","[c]","24070","20140"
"New entrant CS","2021","60-64","HM Treasury","[c]","[c]","[c]","[c]"
"New entrant CS","2021","60-64","Home Office","35","[c]","43040","34630"
"New entrant CS","2021","60-64","Ministry of Defence","115","[c]","32880","30140"
"New entrant CS","2021","60-64","Ministry of Housing, Communities and Local Government","[c]","[c]","[c]","[c]"
"New entrant CS","2021","60-64","Ministry of Justice","190","[c]","21440","19450"
"New entrant CS","2021","60-64","National Crime Agency","15","[c]","37220","34140"
"New entrant CS","2021","60-64","Office for Standards in Education","[c]","[c]","[c]","[c]"
"New entrant CS","2021","60-64","Office of Gas and Electricity Markets","[c]","[c]","[c]","[c]"
"New entrant CS","2021","60-64","Office of Qualifications and Examinations Regulation","[c]","[c]","[c]","[c]"
"New entrant CS","2021","60-64","Other Cabinet Office Agencies","[c]","[c]","[c]","[c]"
"New entrant CS","2021","60-64","Scottish Government","40","[c]","33180","26160"
"New entrant CS","2021","60-64","The National Archives","[c]","[c]","[c]","[c]"
"New entrant CS","2021","60-64","UK Export Finance","[c]","[c]","[c]","[c]"
"New entrant CS","2021","60-64","United Kingdom Statistics Authority","20","[c]","31350","29540"
"New entrant CS","2021","60-64","Welsh Government","10","[c]","[c]","[c]"
"New entrant CS","2021","65+","Attorney General's Departments","[c]","[c]","[c]","[c]"
"New entrant CS","2021","65+","Cabinet Office","[c]","[c]","[c]","[c]"
"New entrant CS","2021","65+","Department for Business, Energy and Industrial Strategy","[c]","[c]","[c]","[c]"
"New entrant CS","2021","65+","Department for Digital, Culture, Media and Sport","[c]","[c]","[c]","[c]"
"New entrant CS","2021","65+","Department for Education","[c]","[c]","[c]","[c]"
"New entrant CS","2021","65+","Department for Environment, Food and Rural Affairs","5","[c]","[c]","[c]"
"New entrant CS","2021","65+","Department for Transport","10","[c]","36560","34690"
"New entrant CS","2021","65+","Department for Work and Pensions","70","[c]","24700","25110"
"New entrant CS","2021","65+","Department of Health and Social Care","60","[c]","50630","37850"
"New entrant CS","2021","65+","Food Standards Agency","[c]","[c]","[c]","[c]"
"New entrant CS","2021","65+","HM Land Registry","[c]","[c]","[c]","[c]"
"New entrant CS","2021","65+","HM Revenue and Customs","25","[c]","25930","20140"
"New entrant CS","2021","65+","HM Treasury","[c]","[c]","[c]","[c]"
"New entrant CS","2021","65+","Home Office","10","[c]","[c]","[c]"
"New entrant CS","2021","65+","Ministry of Defence","25","[c]","29170","23230"
"New entrant CS","2021","65+","Ministry of Housing, Communities and Local Government","[c]","[c]","[c]","[c]"
"New entrant CS","2021","65+","Ministry of Justice","45","[c]","21840","20600"
"New entrant CS","2021","65+","National Crime Agency","[c]","[c]","[c]","[c]"
"New entrant CS","2021","65+","Office of Gas and Electricity Markets","[c]","[c]","[c]","[c]"
"New entrant CS","2021","65+","Office of Qualifications and Examinations Regulation","[c]","[c]","[c]","[c]"
"New entrant CS","2021","65+","Scottish Government","10","[c]","[c]","[c]"
"New entrant CS","2021","65+","UK Export Finance","[c]","[c]","[c]","[c]"
"New entrant CS","2021","65+","United Kingdom Statistics Authority","5","[c]","[c]","[c]"
"New entrant CS","2021","65+","Welsh Government","[c]","[c]","[c]","[c]"
"New entrant CS","2021","Unknown","United Kingdom Statistics Authority","[c]","[c]","[c]","[c]"
"New entrant CS","2021","Unknown","Welsh Government","[c]","[c]","[c]","[c]"
"Notes","Summary figures are suppressed when information relates to less than 5 civil servants for FTE or Headcount, and less than 10 civil servants for median and mean salary (shown as [c]). Zero responses and salaries for less than 30 civil servants have been suppressed for GPDR special category data. FTE figures are not shown for entrants or leavers due to data quality concerns for these groups. Figures are rounded to the nearest 5, or 10 as appropriate.","","","","","",""
"Data source","All figures are aggregated from the Cabinet Office Annual Civil Service Employment Survey collection. https://www.gov.uk/government/collections/civil-service-statistics","","","","","",""
"Version","Generated on 2023-02-14, with GIT 71a76ea.","","","","","",""
"Data column","Description","","","","","",""
"Status","Employment status of the civil servants.","","","","","",""
"","In post - includes staff that were in post on the reference date (31 March).","","","","","",""
"","New entrant CS - includes new entrants to the Civil Service over the year (1 April to 31 March).","","","","","",""
"","Leaver CS - includes leavers from the Civil Service over the year (1 April to 31 March). This includes employees who have an Unknown leaving cause.","","","","","",""
"","Leaver Dept. - includes leavers from the department over the year (1 April to 31 March), who did not leave the Civil Service.","","","","","",""
"","Five organisations do not report when their employees first entered the Civil Service and so entrants data for these organisations is not available . These are as follows: Foreign Commonwealth and Development Office (excl. agencies), Foreign Commonwealth and Development Office Services, Defence Electronics and Components Agency, Scottish Forestry and Forest and Land Scotland. A further three organisations also could not provide entrants data in 2021. These are as follows: Department for International Development, Foreign and Commonwealth Office (excl. agencies) and Royal Fleet Auxiliary.","","","","","",""
"Year","Year of data collection (as at 31 March).","","","","","",""
"Parent_department","Government Department, total figures for both Ministerial and Non-Ministerial Departments include all of their Executive Agencies.","","","","","",""
"Age","Age in 10 year bands. Age is calculated as at the reference date in each year (31st March), so entrants or leavers may have been up to one year younger at the date of exit or entry.","","","","","",""
"Headcount","Total number of civil servants (rounded to nearest 5).","","","","","",""
"FTE","Total full-time equivalent (FTE) employment numbers (rounded to nearest 5).","","","","","",""
"","FTE figures are not shown for entrants or leavers due to data quality concerns for these groups.","","","","","",""
"Mean_salary","Average salary (mean, rounded to nearest 10). For part-time employees, salaries represent the full-time equivalent earnings, while for full-time employees they are the actual annual gross salaries.","","","","","",""
"","These figures should be interpreted with caution when the total number of employees in a group is small, as they will tend to show more variability than larger groups (i.e. may be much higher or lower than can be explained by the data shown).","","","","","",""
"Median_salary","Median salary (rounded to nearest 10). For part-time employees, salaries represent the full-time equivalent earnings, while for full-time employees they are the actual annual gross salaries.","","","","","",""
"","These figures should be interpreted with caution when the total number of employees in a group is small, as they will tend to show more variability than larger groups (i.e. may be much higher or lower than can be explained by the data shown).","","","","","",""
