"Status","Year","Age","Region_london","Responsibility_level_grouped","Headcount","FTE","Mean_salary","Median_salary"
"In post","2021","16-19","London","AA/AO","65","60","22940","22920"
"In post","2021","16-19","London","EO","85","80","26450","26410"
"In post","2021","16-19","London","SEO/HEO","5","5","[c]","[c]"
"In post","2021","16-19","London","Unknown","[c]","[c]","[c]","[c]"
"In post","2021","16-19","Outside London","AA/AO","880","845","20640","20810"
"In post","2021","16-19","Outside London","EO","215","215","21710","20230"
"In post","2021","16-19","Outside London","SEO/HEO","[c]","[c]","[c]","[c]"
"In post","2021","16-19","Outside London","Unknown","35","35","18740","18460"
"In post","2021","16-19","Unknown","EO","[c]","[c]","[c]","[c]"
"In post","2021","16-19","Unknown","Unknown","35","35","18640","15940"
"In post","2021","20-29","London","AA/AO","2655","2620","25640","24590"
"In post","2021","20-29","London","EO","5465","5415","29180","28810"
"In post","2021","20-29","London","G6/G7","3405","3395","55290","54110"
"In post","2021","20-29","London","SCS level","35","35","72130","71170"
"In post","2021","20-29","London","SEO/HEO","11090","11045","35670","34710"
"In post","2021","20-29","London","Unknown","355","355","28830","26810"
"In post","2021","20-29","Outside London","AA/AO","23755","23070","22130","21010"
"In post","2021","20-29","Outside London","EO","16025","15830","26290","26330"
"In post","2021","20-29","Outside London","G6/G7","890","885","51390","52290"
"In post","2021","20-29","Outside London","SCS level","5","5","[c]","[c]"
"In post","2021","20-29","Outside London","SEO/HEO","10320","10255","32750","31810"
"In post","2021","20-29","Outside London","Unknown","2220","2175","25420","23010"
"In post","2021","20-29","Overseas","AA/AO","5","5","[c]","[c]"
"In post","2021","20-29","Overseas","EO","20","20","27770","26670"
"In post","2021","20-29","Overseas","G6/G7","40","40","53140","52840"
"In post","2021","20-29","Overseas","SEO/HEO","225","225","35900","34220"
"In post","2021","20-29","Overseas","Unknown","20","20","[c]","[c]"
"In post","2021","20-29","Unknown","AA/AO","45","45","21460","21010"
"In post","2021","20-29","Unknown","EO","100","95","27360","27570"
"In post","2021","20-29","Unknown","G6/G7","20","20","54490","54700"
"In post","2021","20-29","Unknown","SEO/HEO","350","350","31170","31990"
"In post","2021","20-29","Unknown","Unknown","375","375","28960","28980"
"In post","2021","30-39","London","AA/AO","1955","1835","26690","25390"
"In post","2021","30-39","London","EO","3860","3695","29950","29570"
"In post","2021","30-39","London","G6/G7","9450","9190","59080","57460"
"In post","2021","30-39","London","SCS level","935","905","79220","74840"
"In post","2021","30-39","London","SEO/HEO","7730","7565","38650","38580"
"In post","2021","30-39","London","Unknown","390","375","32600","34100"
"In post","2021","30-39","Outside London","AA/AO","23835","21635","22470","21010"
"In post","2021","30-39","Outside London","EO","21625","20425","27040","27380"
"In post","2021","30-39","Outside London","G6/G7","6555","6355","54250","52580"
"In post","2021","30-39","Outside London","SCS level","195","190","78860","75110"
"In post","2021","30-39","Outside London","SEO/HEO","22050","21300","35350","33840"
"In post","2021","30-39","Outside London","Unknown","2985","2760","30500","30210"
"In post","2021","30-39","Overseas","AA/AO","5","5","[c]","[c]"
"In post","2021","30-39","Overseas","EO","50","50","27410","26670"
"In post","2021","30-39","Overseas","G6/G7","470","470","56620","55060"
"In post","2021","30-39","Overseas","SCS level","25","25","75920","73410"
"In post","2021","30-39","Overseas","SEO/HEO","430","430","38060","34770"
"In post","2021","30-39","Overseas","Unknown","80","80","[c]","[c]"
"In post","2021","30-39","Unknown","AA/AO","30","25","21230","21010"
"In post","2021","30-39","Unknown","EO","130","125","27670","27570"
"In post","2021","30-39","Unknown","G6/G7","60","55","58190","56730"
"In post","2021","30-39","Unknown","SCS level","10","10","79010","72560"
"In post","2021","30-39","Unknown","SEO/HEO","135","130","34080","32320"
"In post","2021","30-39","Unknown","Unknown","420","420","37240","33860"
"In post","2021","40-49","London","AA/AO","2265","2055","25840","25110"
"In post","2021","40-49","London","EO","3985","3730","30150","30270"
"In post","2021","40-49","London","G6/G7","7485","7125","61710","59900"
"In post","2021","40-49","London","SCS level","2005","1925","89160","80800"
"In post","2021","40-49","London","SEO/HEO","6225","6015","39680","39530"
"In post","2021","40-49","London","Unknown","335","320","36260","36580"
"In post","2021","40-49","Outside London","AA/AO","24910","22220","22280","21010"
"In post","2021","40-49","Outside London","EO","24195","22460","27390","27570"
"In post","2021","40-49","Outside London","G6/G7","11165","10775","57240","54700"
"In post","2021","40-49","Outside London","SCS level","770","755","86480","81000"
"In post","2021","40-49","Outside London","SEO/HEO","23905","22920","36710","36030"
"In post","2021","40-49","Outside London","Unknown","3145","2900","33740","33360"
"In post","2021","40-49","Overseas","AA/AO","15","15","22500","23000"
"In post","2021","40-49","Overseas","EO","85","80","27920","27170"
"In post","2021","40-49","Overseas","G6/G7","450","450","60710","60080"
"In post","2021","40-49","Overseas","SCS level","115","115","81810","74740"
"In post","2021","40-49","Overseas","SEO/HEO","425","425","41090","39230"
"In post","2021","40-49","Overseas","Unknown","85","85","[c]","[c]"
"In post","2021","40-49","Unknown","AA/AO","40","35","21900","21010"
"In post","2021","40-49","Unknown","EO","125","120","27890","27570"
"In post","2021","40-49","Unknown","G6/G7","45","45","58290","54700"
"In post","2021","40-49","Unknown","SCS level","[c]","[c]","[c]","[c]"
"In post","2021","40-49","Unknown","SEO/HEO","100","95","36430","34500"
"In post","2021","40-49","Unknown","Unknown","410","410","39660","34460"
"In post","2021","50-59","London","AA/AO","3600","3375","25290","25060"
"In post","2021","50-59","London","EO","5820","5505","30510","30560"
"In post","2021","50-59","London","G6/G7","5980","5835","63300","61590"
"In post","2021","50-59","London","SCS level","1415","1385","98630","90520"
"In post","2021","50-59","London","SEO/HEO","7025","6870","40200","39800"
"In post","2021","50-59","London","Unknown","380","370","36500","36580"
"In post","2021","50-59","Outside London","AA/AO","36790","32895","22250","21010"
"In post","2021","50-59","Outside London","EO","33080","30555","27790","27570"
"In post","2021","50-59","Outside London","G6/G7","12070","11765","58850","56350"
"In post","2021","50-59","Outside London","SCS level","1095","1075","92540","84710"
"In post","2021","50-59","Outside London","SEO/HEO","28745","27685","37280","36110"
"In post","2021","50-59","Outside London","Unknown","3055","2880","34240","32710"
"In post","2021","50-59","Overseas","AA/AO","20","20","22120","22010"
"In post","2021","50-59","Overseas","EO","105","100","28390","27370"
"In post","2021","50-59","Overseas","G6/G7","320","315","63490","63200"
"In post","2021","50-59","Overseas","SCS level","110","110","90990","84620"
"In post","2021","50-59","Overseas","SEO/HEO","380","380","42720","40120"
"In post","2021","50-59","Overseas","Unknown","55","55","47860","47920"
"In post","2021","50-59","Unknown","AA/AO","75","65","22810","22080"
"In post","2021","50-59","Unknown","EO","185","170","28450","27570"
"In post","2021","50-59","Unknown","G6/G7","55","55","56540","54700"
"In post","2021","50-59","Unknown","SCS level","10","10","100200","82240"
"In post","2021","50-59","Unknown","SEO/HEO","135","135","38150","36460"
"In post","2021","50-59","Unknown","Unknown","520","520","42180","37150"
"In post","2021","60-64","London","AA/AO","1360","1210","24730","24900"
"In post","2021","60-64","London","EO","1515","1310","30570","30780"
"In post","2021","60-64","London","G6/G7","1015","915","64750","63180"
"In post","2021","60-64","London","SCS level","235","220","103960","94900"
"In post","2021","60-64","London","SEO/HEO","1445","1295","40900","39800"
"In post","2021","60-64","London","Unknown","125","115","36740","34170"
"In post","2021","60-64","Outside London","AA/AO","13130","10550","21600","21010"
"In post","2021","60-64","Outside London","EO","9075","7110","27750","27570"
"In post","2021","60-64","Outside London","G6/G7","2025","1750","60080","58000"
"In post","2021","60-64","Outside London","SCS level","175","160","103690","96630"
"In post","2021","60-64","Outside London","SEO/HEO","6170","5130","37610","35900"
"In post","2021","60-64","Outside London","Unknown","985","845","32150","28920"
"In post","2021","60-64","Overseas","AA/AO","[c]","[c]","[c]","[c]"
"In post","2021","60-64","Overseas","EO","15","15","28180","27710"
"In post","2021","60-64","Overseas","G6/G7","55","55","64300","64130"
"In post","2021","60-64","Overseas","SCS level","35","35","92000","83090"
"In post","2021","60-64","Overseas","SEO/HEO","75","75","42150","40580"
"In post","2021","60-64","Overseas","Unknown","10","10","[c]","[c]"
"In post","2021","60-64","Unknown","AA/AO","35","30","23010","23130"
"In post","2021","60-64","Unknown","EO","40","30","29230","28170"
"In post","2021","60-64","Unknown","G6/G7","15","10","61840","61090"
"In post","2021","60-64","Unknown","SCS level","[c]","[c]","[c]","[c]"
"In post","2021","60-64","Unknown","SEO/HEO","35","35","41520","39720"
"In post","2021","60-64","Unknown","Unknown","130","130","39070","35380"
"In post","2021","65+","London","AA/AO","805","660","24340","24490"
"In post","2021","65+","London","EO","575","455","30420","30780"
"In post","2021","65+","London","G6/G7","305","250","65430","63610"
"In post","2021","65+","London","SCS level","60","50","110330","102700"
"In post","2021","65+","London","SEO/HEO","415","350","41240","39800"
"In post","2021","65+","London","Unknown","60","50","35640","32710"
"In post","2021","65+","Outside London","AA/AO","4350","3295","21140","21010"
"In post","2021","65+","Outside London","EO","2485","1810","27620","27570"
"In post","2021","65+","Outside London","G6/G7","545","410","62310","59750"
"In post","2021","65+","Outside London","SCS level","45","35","99300","100020"
"In post","2021","65+","Outside London","SEO/HEO","1595","1210","37830","36240"
"In post","2021","65+","Outside London","Unknown","325","255","32860","31420"
"In post","2021","65+","Overseas","AA/AO","[c]","[c]","[c]","[c]"
"In post","2021","65+","Overseas","EO","[c]","[c]","[c]","[c]"
"In post","2021","65+","Overseas","G6/G7","5","5","[c]","[c]"
"In post","2021","65+","Overseas","SCS level","[c]","[c]","[c]","[c]"
"In post","2021","65+","Overseas","SEO/HEO","10","10","37400","34710"
"In post","2021","65+","Overseas","Unknown","[c]","[c]","[c]","[c]"
"In post","2021","65+","Unknown","AA/AO","15","10","22940","23690"
"In post","2021","65+","Unknown","EO","10","10","29200","30250"
"In post","2021","65+","Unknown","G6/G7","[c]","[c]","[c]","[c]"
"In post","2021","65+","Unknown","SEO/HEO","5","5","[c]","[c]"
"In post","2021","65+","Unknown","Unknown","20","20","37850","32700"
"In post","2021","Unknown","London","EO","[c]","[c]","[c]","[c]"
"In post","2021","Unknown","London","G6/G7","[c]","[c]","[c]","[c]"
"In post","2021","Unknown","London","SCS level","[c]","[c]","[c]","[c]"
"In post","2021","Unknown","London","SEO/HEO","5","5","[c]","[c]"
"In post","2021","Unknown","Outside London","AA/AO","5","5","[c]","[c]"
"In post","2021","Unknown","Outside London","EO","20","20","27220","27570"
"In post","2021","Unknown","Outside London","G6/G7","[c]","[c]","[c]","[c]"
"In post","2021","Unknown","Outside London","SCS level","[c]","[c]","[c]","[c]"
"In post","2021","Unknown","Outside London","SEO/HEO","5","5","[c]","[c]"
"Leaver CS","2021","16-19","London","AA/AO","5","[c]","[c]","[c]"
"Leaver CS","2021","16-19","London","EO","[c]","[c]","[c]","[c]"
"Leaver CS","2021","16-19","Outside London","AA/AO","80","[c]","20410","21010"
"Leaver CS","2021","16-19","Outside London","EO","5","[c]","[c]","[c]"
"Leaver CS","2021","16-19","Outside London","Unknown","[c]","[c]","[c]","[c]"
"Leaver CS","2021","16-19","Unknown","EO","[c]","[c]","[c]","[c]"
"Leaver CS","2021","16-19","Unknown","Unknown","10","[c]","[c]","[c]"
"Leaver CS","2021","20-29","London","AA/AO","545","[c]","22450","22680"
"Leaver CS","2021","20-29","London","EO","415","[c]","27300","27760"
"Leaver CS","2021","20-29","London","G6/G7","80","[c]","55300","54070"
"Leaver CS","2021","20-29","London","SCS level","[c]","[c]","[c]","[c]"
"Leaver CS","2021","20-29","London","SEO/HEO","430","[c]","34780","33780"
"Leaver CS","2021","20-29","London","Unknown","35","[c]","[c]","[c]"
"Leaver CS","2021","20-29","Outside London","AA/AO","2550","[c]","20700","21010"
"Leaver CS","2021","20-29","Outside London","EO","685","[c]","24900","25480"
"Leaver CS","2021","20-29","Outside London","G6/G7","20","[c]","52180","53000"
"Leaver CS","2021","20-29","Outside London","SEO/HEO","295","[c]","32970","32010"
"Leaver CS","2021","20-29","Outside London","Unknown","125","[c]","26760","25590"
"Leaver CS","2021","20-29","Overseas","EO","[c]","[c]","[c]","[c]"
"Leaver CS","2021","20-29","Overseas","SEO/HEO","5","[c]","[c]","[c]"
"Leaver CS","2021","20-29","Unknown","AA/AO","20","[c]","21190","21010"
"Leaver CS","2021","20-29","Unknown","EO","10","[c]","27050","27530"
"Leaver CS","2021","20-29","Unknown","G6/G7","[c]","[c]","[c]","[c]"
"Leaver CS","2021","20-29","Unknown","SEO/HEO","30","[c]","30810","28420"
"Leaver CS","2021","20-29","Unknown","Unknown","135","[c]","27620","28680"
"Leaver CS","2021","30-39","London","AA/AO","145","[c]","24220","24150"
"Leaver CS","2021","30-39","London","EO","190","[c]","29460","29710"
"Leaver CS","2021","30-39","London","G6/G7","320","[c]","57630","54900"
"Leaver CS","2021","30-39","London","SCS level","25","[c]","78330","76850"
"Leaver CS","2021","30-39","London","SEO/HEO","330","[c]","38240","38600"
"Leaver CS","2021","30-39","London","Unknown","25","[c]","[c]","[c]"
"Leaver CS","2021","30-39","Outside London","AA/AO","1505","[c]","21400","21010"
"Leaver CS","2021","30-39","Outside London","EO","620","[c]","27020","27570"
"Leaver CS","2021","30-39","Outside London","G6/G7","145","[c]","55380","54120"
"Leaver CS","2021","30-39","Outside London","SCS level","5","[c]","[c]","[c]"
"Leaver CS","2021","30-39","Outside London","SEO/HEO","510","[c]","35850","36030"
"Leaver CS","2021","30-39","Outside London","Unknown","100","[c]","33330","33740"
"Leaver CS","2021","30-39","Overseas","AA/AO","[c]","[c]","[c]","[c]"
"Leaver CS","2021","30-39","Overseas","EO","[c]","[c]","[c]","[c]"
"Leaver CS","2021","30-39","Overseas","G6/G7","[c]","[c]","[c]","[c]"
"Leaver CS","2021","30-39","Overseas","SEO/HEO","20","[c]","34650","35000"
"Leaver CS","2021","30-39","Overseas","Unknown","[c]","[c]","[c]","[c]"
"Leaver CS","2021","30-39","Unknown","AA/AO","5","[c]","[c]","[c]"
"Leaver CS","2021","30-39","Unknown","EO","10","[c]","[c]","[c]"
"Leaver CS","2021","30-39","Unknown","G6/G7","15","[c]","64840","63090"
"Leaver CS","2021","30-39","Unknown","SCS level","[c]","[c]","[c]","[c]"
"Leaver CS","2021","30-39","Unknown","SEO/HEO","10","[c]","[c]","[c]"
"Leaver CS","2021","30-39","Unknown","Unknown","85","[c]","27040","29000"
"Leaver CS","2021","40-49","London","AA/AO","100","[c]","23240","23310"
"Leaver CS","2021","40-49","London","EO","115","[c]","29320","30330"
"Leaver CS","2021","40-49","London","G6/G7","205","[c]","61260","59720"
"Leaver CS","2021","40-49","London","SCS level","75","[c]","95990","92640"
"Leaver CS","2021","40-49","London","SEO/HEO","155","[c]","38230","38160"
"Leaver CS","2021","40-49","London","Unknown","20","[c]","[c]","[c]"
"Leaver CS","2021","40-49","Outside London","AA/AO","1255","[c]","21090","21010"
"Leaver CS","2021","40-49","Outside London","EO","580","[c]","27360","27570"
"Leaver CS","2021","40-49","Outside London","G6/G7","190","[c]","59070","55000"
"Leaver CS","2021","40-49","Outside London","SCS level","30","[c]","89120","81800"
"Leaver CS","2021","40-49","Outside London","SEO/HEO","485","[c]","36880","36780"
"Leaver CS","2021","40-49","Outside London","Unknown","80","[c]","[c]","[c]"
"Leaver CS","2021","40-49","Overseas","EO","[c]","[c]","[c]","[c]"
"Leaver CS","2021","40-49","Overseas","G6/G7","5","[c]","[c]","[c]"
"Leaver CS","2021","40-49","Overseas","SEO/HEO","25","[c]","36760","36960"
"Leaver CS","2021","40-49","Overseas","Unknown","[c]","[c]","[c]","[c]"
"Leaver CS","2021","40-49","Unknown","AA/AO","[c]","[c]","[c]","[c]"
"Leaver CS","2021","40-49","Unknown","EO","[c]","[c]","[c]","[c]"
"Leaver CS","2021","40-49","Unknown","G6/G7","5","[c]","[c]","[c]"
"Leaver CS","2021","40-49","Unknown","SCS level","[c]","[c]","[c]","[c]"
"Leaver CS","2021","40-49","Unknown","SEO/HEO","[c]","[c]","[c]","[c]"
"Leaver CS","2021","40-49","Unknown","Unknown","70","[c]","31180","23240"
"Leaver CS","2021","50-59","London","AA/AO","180","[c]","23550","23500"
"Leaver CS","2021","50-59","London","EO","180","[c]","29840","30330"
"Leaver CS","2021","50-59","London","G6/G7","250","[c]","64320","62860"
"Leaver CS","2021","50-59","London","SCS level","80","[c]","107320","99950"
"Leaver CS","2021","50-59","London","SEO/HEO","235","[c]","39510","38980"
"Leaver CS","2021","50-59","London","Unknown","20","[c]","[c]","[c]"
"Leaver CS","2021","50-59","Outside London","AA/AO","2115","[c]","21390","21010"
"Leaver CS","2021","50-59","Outside London","EO","1325","[c]","27790","27570"
"Leaver CS","2021","50-59","Outside London","G6/G7","470","[c]","60940","57850"
"Leaver CS","2021","50-59","Outside London","SCS level","50","[c]","98620","99400"
"Leaver CS","2021","50-59","Outside London","SEO/HEO","1190","[c]","37740","36970"
"Leaver CS","2021","50-59","Outside London","Unknown","130","[c]","41160","37340"
"Leaver CS","2021","50-59","Overseas","EO","[c]","[c]","[c]","[c]"
"Leaver CS","2021","50-59","Overseas","G6/G7","10","[c]","[c]","[c]"
"Leaver CS","2021","50-59","Overseas","SCS level","[c]","[c]","[c]","[c]"
"Leaver CS","2021","50-59","Overseas","SEO/HEO","20","[c]","42700","40310"
"Leaver CS","2021","50-59","Unknown","AA/AO","10","[c]","[c]","[c]"
"Leaver CS","2021","50-59","Unknown","EO","5","[c]","[c]","[c]"
"Leaver CS","2021","50-59","Unknown","G6/G7","15","[c]","68140","63870"
"Leaver CS","2021","50-59","Unknown","SCS level","15","[c]","126010","122500"
"Leaver CS","2021","50-59","Unknown","SEO/HEO","5","[c]","[c]","[c]"
"Leaver CS","2021","50-59","Unknown","Unknown","100","[c]","39190","34160"
"Leaver CS","2021","60-64","London","AA/AO","110","[c]","23790","23500"
"Leaver CS","2021","60-64","London","EO","125","[c]","29820","30280"
"Leaver CS","2021","60-64","London","G6/G7","150","[c]","65360","62590"
"Leaver CS","2021","60-64","London","SCS level","55","[c]","98060","88160"
"Leaver CS","2021","60-64","London","SEO/HEO","170","[c]","41370","41060"
"Leaver CS","2021","60-64","London","Unknown","10","[c]","[c]","[c]"
"Leaver CS","2021","60-64","Outside London","AA/AO","1500","[c]","21330","21010"
"Leaver CS","2021","60-64","Outside London","EO","990","[c]","27670","27570"
"Leaver CS","2021","60-64","Outside London","G6/G7","375","[c]","61600","59420"
"Leaver CS","2021","60-64","Outside London","SCS level","55","[c]","98880","99210"
"Leaver CS","2021","60-64","Outside London","SEO/HEO","955","[c]","37880","36180"
"Leaver CS","2021","60-64","Outside London","Unknown","100","[c]","44790","38850"
"Leaver CS","2021","60-64","Overseas","EO","[c]","[c]","[c]","[c]"
"Leaver CS","2021","60-64","Overseas","G6/G7","5","[c]","[c]","[c]"
"Leaver CS","2021","60-64","Overseas","SCS level","5","[c]","[c]","[c]"
"Leaver CS","2021","60-64","Overseas","SEO/HEO","5","[c]","[c]","[c]"
"Leaver CS","2021","60-64","Overseas","Unknown","[c]","[c]","[c]","[c]"
"Leaver CS","2021","60-64","Unknown","AA/AO","5","[c]","[c]","[c]"
"Leaver CS","2021","60-64","Unknown","EO","[c]","[c]","[c]","[c]"
"Leaver CS","2021","60-64","Unknown","G6/G7","5","[c]","[c]","[c]"
"Leaver CS","2021","60-64","Unknown","SCS level","[c]","[c]","[c]","[c]"
"Leaver CS","2021","60-64","Unknown","SEO/HEO","5","[c]","[c]","[c]"
"Leaver CS","2021","60-64","Unknown","Unknown","60","[c]","42160","36580"
"Leaver CS","2021","65+","London","AA/AO","180","[c]","23060","23430"
"Leaver CS","2021","65+","London","EO","110","[c]","29590","30110"
"Leaver CS","2021","65+","London","G6/G7","55","[c]","62240","61530"
"Leaver CS","2021","65+","London","SCS level","15","[c]","108810","101370"
"Leaver CS","2021","65+","London","SEO/HEO","90","[c]","39970","39750"
"Leaver CS","2021","65+","London","Unknown","15","[c]","[c]","[c]"
"Leaver CS","2021","65+","Outside London","AA/AO","1580","[c]","20580","20570"
"Leaver CS","2021","65+","Outside London","EO","755","[c]","27220","27570"
"Leaver CS","2021","65+","Outside London","G6/G7","140","[c]","62210","60020"
"Leaver CS","2021","65+","Outside London","SCS level","15","[c]","96660","90540"
"Leaver CS","2021","65+","Outside London","SEO/HEO","510","[c]","38170","35890"
"Leaver CS","2021","65+","Outside London","Unknown","105","[c]","34700","35660"
"Leaver CS","2021","65+","Overseas","EO","[c]","[c]","[c]","[c]"
"Leaver CS","2021","65+","Overseas","G6/G7","[c]","[c]","[c]","[c]"
"Leaver CS","2021","65+","Overseas","SEO/HEO","5","[c]","[c]","[c]"
"Leaver CS","2021","65+","Unknown","AA/AO","5","[c]","[c]","[c]"
"Leaver CS","2021","65+","Unknown","EO","[c]","[c]","[c]","[c]"
"Leaver CS","2021","65+","Unknown","SEO/HEO","[c]","[c]","[c]","[c]"
"Leaver CS","2021","65+","Unknown","Unknown","15","[c]","[c]","[c]"
"Leaver CS","2021","Unknown","London","EO","15","[c]","[c]","[c]"
"Leaver CS","2021","Unknown","London","G6/G7","15","[c]","[c]","[c]"
"Leaver CS","2021","Unknown","London","SCS level","5","[c]","[c]","[c]"
"Leaver CS","2021","Unknown","London","SEO/HEO","20","[c]","[c]","[c]"
"Leaver CS","2021","Unknown","London","Unknown","10","[c]","[c]","[c]"
"Leaver CS","2021","Unknown","Outside London","AA/AO","[c]","[c]","[c]","[c]"
"Leaver CS","2021","Unknown","Outside London","EO","20","[c]","[c]","[c]"
"Leaver CS","2021","Unknown","Outside London","G6/G7","10","[c]","[c]","[c]"
"Leaver CS","2021","Unknown","Outside London","SCS level","[c]","[c]","[c]","[c]"
"Leaver CS","2021","Unknown","Outside London","SEO/HEO","10","[c]","[c]","[c]"
"Leaver CS","2021","Unknown","Outside London","Unknown","[c]","[c]","[c]","[c]"
"Leaver CS","2021","Unknown","Unknown","EO","[c]","[c]","[c]","[c]"
"Leaver CS","2021","Unknown","Unknown","G6/G7","5","[c]","[c]","[c]"
"Leaver CS","2021","Unknown","Unknown","SEO/HEO","[c]","[c]","[c]","[c]"
"Leaver Dept.","2021","16-19","London","AA/AO","[c]","[c]","[c]","[c]"
"Leaver Dept.","2021","16-19","London","EO","[c]","[c]","[c]","[c]"
"Leaver Dept.","2021","16-19","Outside London","AA/AO","5","[c]","[c]","[c]"
"Leaver Dept.","2021","16-19","Outside London","EO","[c]","[c]","[c]","[c]"
"Leaver Dept.","2021","20-29","London","AA/AO","115","[c]","23490","23520"
"Leaver Dept.","2021","20-29","London","EO","500","[c]","28190","27690"
"Leaver Dept.","2021","20-29","London","G6/G7","290","[c]","54240","53380"
"Leaver Dept.","2021","20-29","London","SEO/HEO","1245","[c]","35370","34240"
"Leaver Dept.","2021","20-29","London","Unknown","55","[c]","[c]","[c]"
"Leaver Dept.","2021","20-29","Outside London","AA/AO","755","[c]","20710","21010"
"Leaver Dept.","2021","20-29","Outside London","EO","450","[c]","25380","25970"
"Leaver Dept.","2021","20-29","Outside London","G6/G7","20","[c]","52420","52640"
"Leaver Dept.","2021","20-29","Outside London","SEO/HEO","365","[c]","31540","31390"
"Leaver Dept.","2021","20-29","Outside London","Unknown","45","[c]","[c]","[c]"
"Leaver Dept.","2021","20-29","Overseas","G6/G7","5","[c]","[c]","[c]"
"Leaver Dept.","2021","20-29","Overseas","SEO/HEO","20","[c]","[c]","[c]"
"Leaver Dept.","2021","20-29","Unknown","AA/AO","[c]","[c]","[c]","[c]"
"Leaver Dept.","2021","20-29","Unknown","EO","15","[c]","27370","27240"
"Leaver Dept.","2021","20-29","Unknown","G6/G7","20","[c]","54350","53600"
"Leaver Dept.","2021","20-29","Unknown","SEO/HEO","435","[c]","31520","32000"
"Leaver Dept.","2021","20-29","Unknown","Unknown","[c]","[c]","[c]","[c]"
"Leaver Dept.","2021","30-39","London","AA/AO","55","[c]","23920","24150"
"Leaver Dept.","2021","30-39","London","EO","165","[c]","28720","28500"
"Leaver Dept.","2021","30-39","London","G6/G7","770","[c]","57090","54760"
"Leaver Dept.","2021","30-39","London","SCS level","60","[c]","78240","75000"
"Leaver Dept.","2021","30-39","London","SEO/HEO","645","[c]","37950","37620"
"Leaver Dept.","2021","30-39","London","Unknown","20","[c]","[c]","[c]"
"Leaver Dept.","2021","30-39","Outside London","AA/AO","545","[c]","20640","21010"
"Leaver Dept.","2021","30-39","Outside London","EO","495","[c]","25890","26130"
"Leaver Dept.","2021","30-39","Outside London","G6/G7","150","[c]","52670","52320"
"Leaver Dept.","2021","30-39","Outside London","SCS level","[c]","[c]","[c]","[c]"
"Leaver Dept.","2021","30-39","Outside London","SEO/HEO","550","[c]","34440","33300"
"Leaver Dept.","2021","30-39","Outside London","Unknown","35","[c]","[c]","[c]"
"Leaver Dept.","2021","30-39","Overseas","EO","[c]","[c]","[c]","[c]"
"Leaver Dept.","2021","30-39","Overseas","G6/G7","20","[c]","54030","52720"
"Leaver Dept.","2021","30-39","Overseas","SEO/HEO","15","[c]","[c]","[c]"
"Leaver Dept.","2021","30-39","Unknown","AA/AO","[c]","[c]","[c]","[c]"
"Leaver Dept.","2021","30-39","Unknown","EO","[c]","[c]","[c]","[c]"
"Leaver Dept.","2021","30-39","Unknown","G6/G7","40","[c]","58210","56680"
"Leaver Dept.","2021","30-39","Unknown","SCS level","5","[c]","[c]","[c]"
"Leaver Dept.","2021","30-39","Unknown","SEO/HEO","110","[c]","32210","32000"
"Leaver Dept.","2021","30-39","Unknown","Unknown","5","[c]","[c]","[c]"
"Leaver Dept.","2021","40-49","London","AA/AO","30","[c]","23990","23500"
"Leaver Dept.","2021","40-49","London","EO","75","[c]","29260","29080"
"Leaver Dept.","2021","40-49","London","G6/G7","375","[c]","60390","59130"
"Leaver Dept.","2021","40-49","London","SCS level","145","[c]","87780","79350"
"Leaver Dept.","2021","40-49","London","SEO/HEO","215","[c]","39020","38560"
"Leaver Dept.","2021","40-49","London","Unknown","5","[c]","[c]","[c]"
"Leaver Dept.","2021","40-49","Outside London","AA/AO","315","[c]","20810","21010"
"Leaver Dept.","2021","40-49","Outside London","EO","345","[c]","26450","27570"
"Leaver Dept.","2021","40-49","Outside London","G6/G7","190","[c]","55590","54160"
"Leaver Dept.","2021","40-49","Outside London","SCS level","15","[c]","86430","80170"
"Leaver Dept.","2021","40-49","Outside London","SEO/HEO","400","[c]","35850","35310"
"Leaver Dept.","2021","40-49","Outside London","Unknown","25","[c]","[c]","[c]"
"Leaver Dept.","2021","40-49","Overseas","EO","[c]","[c]","[c]","[c]"
"Leaver Dept.","2021","40-49","Overseas","G6/G7","15","[c]","[c]","[c]"
"Leaver Dept.","2021","40-49","Overseas","SCS level","5","[c]","[c]","[c]"
"Leaver Dept.","2021","40-49","Overseas","SEO/HEO","5","[c]","[c]","[c]"
"Leaver Dept.","2021","40-49","Unknown","EO","5","[c]","[c]","[c]"
"Leaver Dept.","2021","40-49","Unknown","G6/G7","15","[c]","58140","57790"
"Leaver Dept.","2021","40-49","Unknown","SCS level","[c]","[c]","[c]","[c]"
"Leaver Dept.","2021","40-49","Unknown","SEO/HEO","20","[c]","35090","32320"
"Leaver Dept.","2021","50-59","London","AA/AO","25","[c]","25190","23530"
"Leaver Dept.","2021","50-59","London","EO","50","[c]","29630","29880"
"Leaver Dept.","2021","50-59","London","G6/G7","145","[c]","60970","60520"
"Leaver Dept.","2021","50-59","London","SCS level","55","[c]","100630","88510"
"Leaver Dept.","2021","50-59","London","SEO/HEO","155","[c]","38370","37650"
"Leaver Dept.","2021","50-59","London","Unknown","5","[c]","[c]","[c]"
"Leaver Dept.","2021","50-59","Outside London","AA/AO","245","[c]","20700","20780"
"Leaver Dept.","2021","50-59","Outside London","EO","235","[c]","26450","27370"
"Leaver Dept.","2021","50-59","Outside London","G6/G7","165","[c]","57320","55740"
"Leaver Dept.","2021","50-59","Outside London","SCS level","20","[c]","85070","81950"
"Leaver Dept.","2021","50-59","Outside London","SEO/HEO","290","[c]","35680","35180"
"Leaver Dept.","2021","50-59","Outside London","Unknown","10","[c]","[c]","[c]"
"Leaver Dept.","2021","50-59","Overseas","EO","[c]","[c]","[c]","[c]"
"Leaver Dept.","2021","50-59","Overseas","G6/G7","10","[c]","[c]","[c]"
"Leaver Dept.","2021","50-59","Overseas","SCS level","[c]","[c]","[c]","[c]"
"Leaver Dept.","2021","50-59","Overseas","SEO/HEO","5","[c]","[c]","[c]"
"Leaver Dept.","2021","50-59","Unknown","AA/AO","[c]","[c]","[c]","[c]"
"Leaver Dept.","2021","50-59","Unknown","EO","[c]","[c]","[c]","[c]"
"Leaver Dept.","2021","50-59","Unknown","G6/G7","10","[c]","[c]","[c]"
"Leaver Dept.","2021","50-59","Unknown","SCS level","[c]","[c]","[c]","[c]"
"Leaver Dept.","2021","50-59","Unknown","SEO/HEO","10","[c]","[c]","[c]"
"Leaver Dept.","2021","60-64","London","AA/AO","[c]","[c]","[c]","[c]"
"Leaver Dept.","2021","60-64","London","EO","5","[c]","[c]","[c]"
"Leaver Dept.","2021","60-64","London","G6/G7","15","[c]","60980","58710"
"Leaver Dept.","2021","60-64","London","SCS level","[c]","[c]","[c]","[c]"
"Leaver Dept.","2021","60-64","London","SEO/HEO","10","[c]","[c]","[c]"
"Leaver Dept.","2021","60-64","Outside London","AA/AO","35","[c]","20130","20470"
"Leaver Dept.","2021","60-64","Outside London","EO","25","[c]","25390","25900"
"Leaver Dept.","2021","60-64","Outside London","G6/G7","10","[c]","[c]","[c]"
"Leaver Dept.","2021","60-64","Outside London","SCS level","[c]","[c]","[c]","[c]"
"Leaver Dept.","2021","60-64","Outside London","SEO/HEO","15","[c]","34120","34450"
"Leaver Dept.","2021","60-64","Outside London","Unknown","[c]","[c]","[c]","[c]"
"Leaver Dept.","2021","60-64","Overseas","EO","[c]","[c]","[c]","[c]"
"Leaver Dept.","2021","60-64","Overseas","SCS level","[c]","[c]","[c]","[c]"
"Leaver Dept.","2021","60-64","Unknown","AA/AO","[c]","[c]","[c]","[c]"
"Leaver Dept.","2021","60-64","Unknown","SCS level","[c]","[c]","[c]","[c]"
"Leaver Dept.","2021","65+","London","G6/G7","[c]","[c]","[c]","[c]"
"Leaver Dept.","2021","65+","London","SCS level","[c]","[c]","[c]","[c]"
"Leaver Dept.","2021","65+","London","SEO/HEO","5","[c]","[c]","[c]"
"Leaver Dept.","2021","65+","Outside London","AA/AO","5","[c]","[c]","[c]"
"Leaver Dept.","2021","65+","Outside London","G6/G7","[c]","[c]","[c]","[c]"
"Leaver Dept.","2021","65+","Outside London","SEO/HEO","[c]","[c]","[c]","[c]"
"Leaver Dept.","2021","65+","Overseas","SEO/HEO","[c]","[c]","[c]","[c]"
"Leaver Dept.","2021","Unknown","London","EO","10","[c]","[c]","[c]"
"Leaver Dept.","2021","Unknown","London","G6/G7","30","[c]","59480","56320"
"Leaver Dept.","2021","Unknown","London","SCS level","10","[c]","[c]","[c]"
"Leaver Dept.","2021","Unknown","London","SEO/HEO","25","[c]","38300","40050"
"Leaver Dept.","2021","Unknown","London","Unknown","15","[c]","[c]","[c]"
"Leaver Dept.","2021","Unknown","Outside London","EO","[c]","[c]","[c]","[c]"
"Leaver Dept.","2021","Unknown","Outside London","G6/G7","15","[c]","[c]","[c]"
"Leaver Dept.","2021","Unknown","Outside London","SCS level","[c]","[c]","[c]","[c]"
"Leaver Dept.","2021","Unknown","Outside London","SEO/HEO","15","[c]","[c]","[c]"
"Leaver Dept.","2021","Unknown","Outside London","Unknown","[c]","[c]","[c]","[c]"
"Leaver Dept.","2021","Unknown","Unknown","SCS level","[c]","[c]","[c]","[c]"
"Leaver Dept.","2021","Unknown","Unknown","SEO/HEO","[c]","[c]","[c]","[c]"
"New entrant CS","2021","16-19","London","AA/AO","50","[c]","22650","22680"
"New entrant CS","2021","16-19","London","EO","70","[c]","26310","26250"
"New entrant CS","2021","16-19","London","Unknown","[c]","[c]","[c]","[c]"
"New entrant CS","2021","16-19","Outside London","AA/AO","625","[c]","20710","20810"
"New entrant CS","2021","16-19","Outside London","EO","125","[c]","22440","23050"
"New entrant CS","2021","16-19","Outside London","Unknown","20","[c]","17190","16780"
"New entrant CS","2021","16-19","Unknown","EO","[c]","[c]","[c]","[c]"
"New entrant CS","2021","16-19","Unknown","Unknown","5","[c]","[c]","[c]"
"New entrant CS","2021","20-29","London","AA/AO","1495","[c]","23930","23790"
"New entrant CS","2021","20-29","London","EO","2775","[c]","29090","29570"
"New entrant CS","2021","20-29","London","G6/G7","310","[c]","55250","53420"
"New entrant CS","2021","20-29","London","SCS level","10","[c]","72290","70710"
"New entrant CS","2021","20-29","London","SEO/HEO","3175","[c]","33960","33570"
"New entrant CS","2021","20-29","London","Unknown","145","[c]","25590","26810"
"New entrant CS","2021","20-29","Outside London","AA/AO","8175","[c]","21120","21010"
"New entrant CS","2021","20-29","Outside London","EO","4860","[c]","26400","27570"
"New entrant CS","2021","20-29","Outside London","G6/G7","120","[c]","51570","49930"
"New entrant CS","2021","20-29","Outside London","SEO/HEO","1855","[c]","31590","30930"
"New entrant CS","2021","20-29","Outside London","Unknown","645","[c]","22740","22920"
"New entrant CS","2021","20-29","Overseas","AA/AO","[c]","[c]","[c]","[c]"
"New entrant CS","2021","20-29","Overseas","EO","[c]","[c]","[c]","[c]"
"New entrant CS","2021","20-29","Overseas","SEO/HEO","[c]","[c]","[c]","[c]"
"New entrant CS","2021","20-29","Unknown","AA/AO","50","[c]","21570","21010"
"New entrant CS","2021","20-29","Unknown","EO","80","[c]","27390","27570"
"New entrant CS","2021","20-29","Unknown","G6/G7","5","[c]","[c]","[c]"
"New entrant CS","2021","20-29","Unknown","SEO/HEO","110","[c]","29920","28000"
"New entrant CS","2021","20-29","Unknown","Unknown","105","[c]","[c]","[c]"
"New entrant CS","2021","30-39","London","AA/AO","420","[c]","25240","25110"
"New entrant CS","2021","30-39","London","EO","1045","[c]","30170","31060"
"New entrant CS","2021","30-39","London","G6/G7","740","[c]","57870","55000"
"New entrant CS","2021","30-39","London","SCS level","85","[c]","78430","73370"
"New entrant CS","2021","30-39","London","SEO/HEO","1130","[c]","37400","36800"
"New entrant CS","2021","30-39","London","Unknown","55","[c]","27150","26810"
"New entrant CS","2021","30-39","Outside London","AA/AO","3740","[c]","21460","21010"
"New entrant CS","2021","30-39","Outside London","EO","3335","[c]","27070","27570"
"New entrant CS","2021","30-39","Outside London","G6/G7","570","[c]","55360","52580"
"New entrant CS","2021","30-39","Outside London","SCS level","25","[c]","77280","75000"
"New entrant CS","2021","30-39","Outside London","SEO/HEO","1945","[c]","34790","33840"
"New entrant CS","2021","30-39","Outside London","Unknown","325","[c]","24710","22920"
"New entrant CS","2021","30-39","Overseas","AA/AO","[c]","[c]","[c]","[c]"
"New entrant CS","2021","30-39","Overseas","EO","[c]","[c]","[c]","[c]"
"New entrant CS","2021","30-39","Overseas","G6/G7","[c]","[c]","[c]","[c]"
"New entrant CS","2021","30-39","Overseas","SEO/HEO","[c]","[c]","[c]","[c]"
"New entrant CS","2021","30-39","Unknown","AA/AO","20","[c]","20840","21010"
"New entrant CS","2021","30-39","Unknown","EO","50","[c]","27550","27570"
"New entrant CS","2021","30-39","Unknown","G6/G7","15","[c]","55200","54850"
"New entrant CS","2021","30-39","Unknown","SCS level","[c]","[c]","[c]","[c]"
"New entrant CS","2021","30-39","Unknown","SEO/HEO","35","[c]","33930","34030"
"New entrant CS","2021","30-39","Unknown","Unknown","60","[c]","[c]","[c]"
"New entrant CS","2021","40-49","London","AA/AO","265","[c]","25130","25110"
"New entrant CS","2021","40-49","London","EO","595","[c]","30300","31060"
"New entrant CS","2021","40-49","London","G6/G7","460","[c]","60340","57980"
"New entrant CS","2021","40-49","London","SCS level","130","[c]","94000","86000"
"New entrant CS","2021","40-49","London","SEO/HEO","515","[c]","38440","39220"
"New entrant CS","2021","40-49","London","Unknown","35","[c]","28190","26810"
"New entrant CS","2021","40-49","Outside London","AA/AO","2460","[c]","21370","21010"
"New entrant CS","2021","40-49","Outside London","EO","2520","[c]","27280","27570"
"New entrant CS","2021","40-49","Outside London","G6/G7","680","[c]","57110","53360"
"New entrant CS","2021","40-49","Outside London","SCS level","60","[c]","88220","82100"
"New entrant CS","2021","40-49","Outside London","SEO/HEO","1335","[c]","35850","36030"
"New entrant CS","2021","40-49","Outside London","Unknown","205","[c]","29020","22920"
"New entrant CS","2021","40-49","Overseas","EO","[c]","[c]","[c]","[c]"
"New entrant CS","2021","40-49","Overseas","G6/G7","[c]","[c]","[c]","[c]"
"New entrant CS","2021","40-49","Overseas","SEO/HEO","10","[c]","35300","33150"
"New entrant CS","2021","40-49","Unknown","AA/AO","10","[c]","21140","21010"
"New entrant CS","2021","40-49","Unknown","EO","35","[c]","27780","27570"
"New entrant CS","2021","40-49","Unknown","G6/G7","15","[c]","62060","55000"
"New entrant CS","2021","40-49","Unknown","SCS level","[c]","[c]","[c]","[c]"
"New entrant CS","2021","40-49","Unknown","SEO/HEO","25","[c]","35380","34550"
"New entrant CS","2021","40-49","Unknown","Unknown","65","[c]","[c]","[c]"
"New entrant CS","2021","50-59","London","AA/AO","230","[c]","23860","24490"
"New entrant CS","2021","50-59","London","EO","410","[c]","30220","31060"
"New entrant CS","2021","50-59","London","G6/G7","285","[c]","61230","58770"
"New entrant CS","2021","50-59","London","SCS level","85","[c]","98900","85000"
"New entrant CS","2021","50-59","London","SEO/HEO","315","[c]","38770","38890"
"New entrant CS","2021","50-59","London","Unknown","20","[c]","27860","26810"
"New entrant CS","2021","50-59","Outside London","AA/AO","2365","[c]","21090","21010"
"New entrant CS","2021","50-59","Outside London","EO","2245","[c]","27540","27570"
"New entrant CS","2021","50-59","Outside London","G6/G7","430","[c]","57990","55000"
"New entrant CS","2021","50-59","Outside London","SCS level","60","[c]","100490","99000"
"New entrant CS","2021","50-59","Outside London","SEO/HEO","920","[c]","36000","36030"
"New entrant CS","2021","50-59","Outside London","Unknown","175","[c]","26470","22920"
"New entrant CS","2021","50-59","Overseas","EO","[c]","[c]","[c]","[c]"
"New entrant CS","2021","50-59","Overseas","G6/G7","[c]","[c]","[c]","[c]"
"New entrant CS","2021","50-59","Overseas","SEO/HEO","5","[c]","[c]","[c]"
"New entrant CS","2021","50-59","Unknown","AA/AO","20","[c]","21390","21010"
"New entrant CS","2021","50-59","Unknown","EO","40","[c]","27470","27570"
"New entrant CS","2021","50-59","Unknown","G6/G7","10","[c]","[c]","[c]"
"New entrant CS","2021","50-59","Unknown","SCS level","10","[c]","[c]","[c]"
"New entrant CS","2021","50-59","Unknown","SEO/HEO","15","[c]","37750","37300"
"New entrant CS","2021","50-59","Unknown","Unknown","65","[c]","[c]","[c]"
"New entrant CS","2021","60-64","London","AA/AO","35","[c]","23470","24410"
"New entrant CS","2021","60-64","London","EO","50","[c]","29860","31060"
"New entrant CS","2021","60-64","London","G6/G7","40","[c]","62510","59160"
"New entrant CS","2021","60-64","London","SCS level","15","[c]","101560","104930"
"New entrant CS","2021","60-64","London","SEO/HEO","50","[c]","38730","40070"
"New entrant CS","2021","60-64","London","Unknown","5","[c]","[c]","[c]"
"New entrant CS","2021","60-64","Outside London","AA/AO","505","[c]","20760","21010"
"New entrant CS","2021","60-64","Outside London","EO","365","[c]","27510","27570"
"New entrant CS","2021","60-64","Outside London","G6/G7","50","[c]","57600","55610"
"New entrant CS","2021","60-64","Outside London","SCS level","10","[c]","106690","99240"
"New entrant CS","2021","60-64","Outside London","SEO/HEO","145","[c]","35740","36030"
"New entrant CS","2021","60-64","Outside London","Unknown","40","[c]","27540","18460"
"New entrant CS","2021","60-64","Overseas","SEO/HEO","[c]","[c]","[c]","[c]"
"New entrant CS","2021","60-64","Unknown","AA/AO","5","[c]","[c]","[c]"
"New entrant CS","2021","60-64","Unknown","EO","10","[c]","27910","27570"
"New entrant CS","2021","60-64","Unknown","G6/G7","[c]","[c]","[c]","[c]"
"New entrant CS","2021","60-64","Unknown","SCS level","[c]","[c]","[c]","[c]"
"New entrant CS","2021","60-64","Unknown","SEO/HEO","[c]","[c]","[c]","[c]"
"New entrant CS","2021","60-64","Unknown","Unknown","20","[c]","[c]","[c]"
"New entrant CS","2021","65+","London","AA/AO","15","[c]","22560","22680"
"New entrant CS","2021","65+","London","EO","15","[c]","28620","28180"
"New entrant CS","2021","65+","London","G6/G7","10","[c]","58170","55500"
"New entrant CS","2021","65+","London","SCS level","5","[c]","[c]","[c]"
"New entrant CS","2021","65+","London","SEO/HEO","15","[c]","37300","39030"
"New entrant CS","2021","65+","London","Unknown","[c]","[c]","[c]","[c]"
"New entrant CS","2021","65+","Outside London","AA/AO","85","[c]","20250","21010"
"New entrant CS","2021","65+","Outside London","EO","45","[c]","26420","27570"
"New entrant CS","2021","65+","Outside London","G6/G7","15","[c]","56670","55610"
"New entrant CS","2021","65+","Outside London","SCS level","15","[c]","97510","104580"
"New entrant CS","2021","65+","Outside London","SEO/HEO","45","[c]","34740","35900"
"New entrant CS","2021","65+","Outside London","Unknown","15","[c]","23270","18460"
"New entrant CS","2021","65+","Unknown","AA/AO","[c]","[c]","[c]","[c]"
"New entrant CS","2021","65+","Unknown","EO","[c]","[c]","[c]","[c]"
"New entrant CS","2021","65+","Unknown","Unknown","5","[c]","[c]","[c]"
"New entrant CS","2021","Unknown","Outside London","G6/G7","[c]","[c]","[c]","[c]"
"New entrant CS","2021","Unknown","Outside London","SEO/HEO","[c]","[c]","[c]","[c]"
"Notes","Summary figures are suppressed when information relates to less than 5 civil servants for FTE or Headcount, and less than 10 civil servants for median and mean salary (shown as [c]). Zero responses and salaries for less than 30 civil servants have been suppressed for GPDR special category data. FTE figures are not shown for entrants or leavers due to data quality concerns for these groups. Figures are rounded to the nearest 5, or £10 as appropriate.","","","","","","",""
"Data source","All figures are aggregated from the Cabinet Office Annual Civil Service Employment Survey collection. https://www.gov.uk/government/collections/civil-service-statistics","","","","","","",""
"Version","Generated on 2023-02-14, with GIT 71a76ea.","","","","","","",""
"Data column","Description","","","","","","",""
"Status","Employment status of the civil servants.","","","","","","",""
"","In post - includes staff that were in post on the reference date (31 March).","","","","","","",""
"","New entrant CS - includes new entrants to the Civil Service over the year (1 April to 31 March).","","","","","","",""
"","Leaver CS - includes leavers from the Civil Service over the year (1 April to 31 March). This includes employees who have an Unknown leaving cause.","","","","","","",""
"","Leaver Dept. - includes leavers from the department over the year (1 April to 31 March), who did not leave the Civil Service.","","","","","","",""
"","Five organisations do not report when their employees first entered the Civil Service and so entrants data for these organisations is not available . These are as follows: Foreign Commonwealth and Development Office (excl. agencies), Foreign Commonwealth and Development Office Services, Defence Electronics and Components Agency, Scottish Forestry and Forest and Land Scotland. A further three organisations also could not provide entrants data in 2021. These are as follows: Department for International Development, Foreign and Commonwealth Office (excl. agencies) and Royal Fleet Auxiliary.","","","","","","",""
"Year","Year of data collection (as at 31 March).","","","","","","",""
"Responsibility_level_grouped","With the exception of the centrally managed Senior Civil Service, government departments have delegated pay and grading. For statistical purposes departments are asked to map their grades to a common framework by responsibility level.","","","","","","",""
"","This table shows staff in their substantive responsibility level unless on temporary promotion in which case staff are recorded at the higher responsibility level.","","","","","","",""
"","Responsibility_level_grouped combines the mapped grades into five broad responsibility levels. This is the headline measure for responsibility level for the Civil Service and is consistent with the published National Statistics.","","","","","","",""
"Region_london","Workplace postcode data are used to derive geographical information using the International Territorial Level (ITL) classification standard.","","","","","","",""
"","Region_london groups the ITL classifications into ""London"", ""Outside London"": all UK regions excluding London, ""Overseas"", and ""Unknown"".","","","","","","",""
"Age","Age in 10 year bands. Age is calculated as at the reference date in each year (31st March), so entrants or leavers may have been up to one year younger at the date of exit or entry.","","","","","","",""
"Headcount","Total number of civil servants (rounded to nearest 5).","","","","","","",""
"FTE","Total full-time equivalent (FTE) employment numbers (rounded to nearest 5).","","","","","","",""
"","FTE figures are not shown for entrants or leavers due to data quality concerns for these groups.","","","","","","",""
"Mean_salary","Average salary (mean, rounded to nearest £10). For part-time employees, salaries represent the full-time equivalent earnings, while for full-time employees they are the actual annual gross salaries.","","","","","","",""
"","These figures should be interpreted with caution when the total number of employees in a group is small, as they will tend to show more variability than larger groups (i.e. may be much higher or lower than can be explained by the data shown).","","","","","","",""
"Median_salary","Median salary (rounded to nearest £10). For part-time employees, salaries represent the full-time equivalent earnings, while for full-time employees they are the actual annual gross salaries.","","","","","","",""
"","These figures should be interpreted with caution when the total number of employees in a group is small, as they will tend to show more variability than larger groups (i.e. may be much higher or lower than can be explained by the data shown).","","","","","","",""
