"Status","Year","Region_ITL1","Region_london","Sex","Sexual_orientation","Headcount","FTE","Mean_salary","Median_salary"
"In post","2021","East Midlands (England)","Outside London","Female","Heterosexual / straight","8075","7240","29010","27130"
"In post","2021","East Midlands (England)","Outside London","Female","LGBO","440","425","29140","27570"
"In post","2021","East Midlands (England)","Outside London","Female","Undeclared","1115","985","28720","27130"
"In post","2021","East Midlands (England)","Outside London","Female","Unknown","2390","2100","27480","25780"
"In post","2021","East Midlands (England)","Outside London","Male","Heterosexual / straight","6065","5880","31200","27570"
"In post","2021","East Midlands (England)","Outside London","Male","LGBO","345","335","29750","27570"
"In post","2021","East Midlands (England)","Outside London","Male","Undeclared","895","850","31800","28170"
"In post","2021","East Midlands (England)","Outside London","Male","Unknown","2040","1950","28740","27130"
"In post","2021","East Midlands (England)","Outside London","Unknown","Heterosexual / straight","[c]","[c]","[c]","[c]"
"In post","2021","East Midlands (England)","Outside London","Unknown","LGBO","[c]","[c]","[c]","[c]"
"In post","2021","East of England","Outside London","Female","Heterosexual / straight","8525","7710","29650","27570"
"In post","2021","East of England","Outside London","Female","LGBO","410","390","29020","27570"
"In post","2021","East of England","Outside London","Female","Undeclared","1100","985","29620","27570"
"In post","2021","East of England","Outside London","Female","Unknown","2140","1870","29810","27570"
"In post","2021","East of England","Outside London","Male","Heterosexual / straight","7105","6855","32230","29290"
"In post","2021","East of England","Outside London","Male","LGBO","330","325","29920","27570"
"In post","2021","East of England","Outside London","Male","Undeclared","1095","1045","32640","31000"
"In post","2021","East of England","Outside London","Male","Unknown","1890","1810","31490","29290"
"In post","2021","East of England","Outside London","Unknown","Heterosexual / straight","[c]","[c]","[c]","[c]"
"In post","2021","East of England","Outside London","Unknown","LGBO","[c]","[c]","[c]","[c]"
"In post","2021","London","London","Female","Heterosexual / straight","36890","34860","42260","36360"
"In post","2021","London","London","Female","LGBO","2135","2080","42250","36650"
"In post","2021","London","London","Female","Undeclared","4645","4350","40830","35200"
"In post","2021","London","London","Female","Unknown","11590","10905","41280","34550"
"In post","2021","London","London","Male","Heterosexual / straight","29405","28870","45100","39600"
"In post","2021","London","London","Male","LGBO","2965","2930","46700","41950"
"In post","2021","London","London","Male","Undeclared","4380","4265","45120","40220"
"In post","2021","London","London","Male","Unknown","9890","9720","44320","37230"
"In post","2021","London","London","Unknown","Heterosexual / straight","10","10","[c]","[c]"
"In post","2021","London","London","Unknown","LGBO","[c]","[c]","[c]","[c]"
"In post","2021","London","London","Unknown","Undeclared","[c]","[c]","[c]","[c]"
"In post","2021","London","London","Unknown","Unknown","10","10","[c]","[c]"
"In post","2021","North East (England)","Outside London","Female","Heterosexual / straight","11860","10285","27940","25560"
"In post","2021","North East (England)","Outside London","Female","LGBO","505","475","27790","25560"
"In post","2021","North East (England)","Outside London","Female","Undeclared","1165","990","27330","24880"
"In post","2021","North East (England)","Outside London","Female","Unknown","4515","3765","25210","21440"
"In post","2021","North East (England)","Outside London","Male","Heterosexual / straight","7770","7445","30110","27570"
"In post","2021","North East (England)","Outside London","Male","LGBO","495","475","28850","26810"
"In post","2021","North East (England)","Outside London","Male","Undeclared","990","940","30310","27570"
"In post","2021","North East (England)","Outside London","Male","Unknown","3315","3130","28190","25560"
"In post","2021","North East (England)","Outside London","Unknown","Heterosexual / straight","[c]","[c]","[c]","[c]"
"In post","2021","North East (England)","Outside London","Unknown","LGBO","[c]","[c]","[c]","[c]"
"In post","2021","North West (England)","Outside London","Female","Heterosexual / straight","23050","20685","29180","27370"
"In post","2021","North West (England)","Outside London","Female","LGBO","1085","1040","28910","26550"
"In post","2021","North West (England)","Outside London","Female","Undeclared","2515","2205","28600","27130"
"In post","2021","North West (England)","Outside London","Female","Unknown","7475","6480","26900","25430"
"In post","2021","North West (England)","Outside London","Male","Heterosexual / straight","15925","15400","31120","27570"
"In post","2021","North West (England)","Outside London","Male","LGBO","1200","1170","29940","27570"
"In post","2021","North West (England)","Outside London","Male","Undeclared","2100","2000","31240","27570"
"In post","2021","North West (England)","Outside London","Male","Unknown","5990","5725","29220","27130"
"In post","2021","North West (England)","Outside London","Unknown","Heterosexual / straight","[c]","[c]","[c]","[c]"
"In post","2021","North West (England)","Outside London","Unknown","LGBO","[c]","[c]","[c]","[c]"
"In post","2021","Northern Ireland","Outside London","Female","Heterosexual / straight","1225","1110","29200","25560"
"In post","2021","Northern Ireland","Outside London","Female","LGBO","45","45","26690","25560"
"In post","2021","Northern Ireland","Outside London","Female","Undeclared","85","80","27940","25560"
"In post","2021","Northern Ireland","Outside London","Female","Unknown","400","355","26260","21730"
"In post","2021","Northern Ireland","Outside London","Male","Heterosexual / straight","1405","1360","28070","25040"
"In post","2021","Northern Ireland","Outside London","Male","LGBO","50","50","25860","22330"
"In post","2021","Northern Ireland","Outside London","Male","Undeclared","140","135","28250","25560"
"In post","2021","Northern Ireland","Outside London","Male","Unknown","465","455","26320","23870"
"In post","2021","Northern Ireland","Outside London","Unknown","Heterosexual / straight","[c]","[c]","[c]","[c]"
"In post","2021","Northern Ireland","Outside London","Unknown","LGBO","[c]","[c]","[c]","[c]"
"In post","2021","Overseas","Overseas","Female","Heterosexual / straight","945","940","49570","50940"
"In post","2021","Overseas","Overseas","Female","LGBO","55","55","47100","41460"
"In post","2021","Overseas","Overseas","Female","Undeclared","140","140","45590","40330"
"In post","2021","Overseas","Overseas","Female","Unknown","360","355","49730","46620"
"In post","2021","Overseas","Overseas","Male","Heterosexual / straight","1550","1545","50130","49640"
"In post","2021","Overseas","Overseas","Male","LGBO","115","115","53650","54040"
"In post","2021","Overseas","Overseas","Male","Undeclared","230","230","48910","42110"
"In post","2021","Overseas","Overseas","Male","Unknown","355","355","52180","52430"
"In post","2021","Overseas","Overseas","Unknown","Heterosexual / straight","[c]","[c]","[c]","[c]"
"In post","2021","Overseas","Overseas","Unknown","LGBO","[c]","[c]","[c]","[c]"
"In post","2021","Scotland","Outside London","Female","Heterosexual / straight","15505","14030","32150","27570"
"In post","2021","Scotland","Outside London","Female","LGBO","765","740","31780","27570"
"In post","2021","Scotland","Outside London","Female","Undeclared","2640","2325","28950","26480"
"In post","2021","Scotland","Outside London","Female","Unknown","6735","5995","29820","26120"
"In post","2021","Scotland","Outside London","Male","Heterosexual / straight","12265","11845","34260","30160"
"In post","2021","Scotland","Outside London","Male","LGBO","870","850","32810","27570"
"In post","2021","Scotland","Outside London","Male","Undeclared","1900","1820","32240","27570"
"In post","2021","Scotland","Outside London","Male","Unknown","6905","6615","31870","28870"
"In post","2021","Scotland","Outside London","Unknown","Heterosexual / straight","[c]","[c]","[c]","[c]"
"In post","2021","Scotland","Outside London","Unknown","LGBO","[c]","[c]","[c]","[c]"
"In post","2021","South East (England)","Outside London","Female","Heterosexual / straight","14990","13570","30210","27570"
"In post","2021","South East (England)","Outside London","Female","LGBO","885","850","29420","27620"
"In post","2021","South East (England)","Outside London","Female","Undeclared","2025","1820","30560","27570"
"In post","2021","South East (England)","Outside London","Female","Unknown","3395","2970","29840","27570"
"In post","2021","South East (England)","Outside London","Male","Heterosexual / straight","13950","13425","32890","29810"
"In post","2021","South East (England)","Outside London","Male","LGBO","760","740","31040","28180"
"In post","2021","South East (England)","Outside London","Male","Undeclared","2190","2085","33590","31650"
"In post","2021","South East (England)","Outside London","Male","Unknown","3560","3395","32670","29830"
"In post","2021","South East (England)","Outside London","Unknown","Heterosexual / straight","5","5","[c]","[c]"
"In post","2021","South East (England)","Outside London","Unknown","LGBO","[c]","[c]","[c]","[c]"
"In post","2021","South East (England)","Outside London","Unknown","Unknown","[c]","[c]","[c]","[c]"
"In post","2021","South West (England)","Outside London","Female","Heterosexual / straight","14940","13570","32110","27570"
"In post","2021","South West (England)","Outside London","Female","LGBO","745","715","30220","27570"
"In post","2021","South West (England)","Outside London","Female","Undeclared","2005","1795","32950","29200"
"In post","2021","South West (England)","Outside London","Female","Unknown","3735","3275","31640","27570"
"In post","2021","South West (England)","Outside London","Male","Heterosexual / straight","16065","15675","36380","33290"
"In post","2021","South West (England)","Outside London","Male","LGBO","750","730","32520","28500"
"In post","2021","South West (England)","Outside London","Male","Undeclared","2495","2400","37890","36140"
"In post","2021","South West (England)","Outside London","Male","Unknown","4450","4290","35820","32730"
"In post","2021","South West (England)","Outside London","Unknown","Heterosexual / straight","[c]","[c]","[c]","[c]"
"In post","2021","South West (England)","Outside London","Unknown","LGBO","[c]","[c]","[c]","[c]"
"In post","2021","Unknown","Unknown","Female","Heterosexual / straight","565","520","32640","27570"
"In post","2021","Unknown","Unknown","Female","LGBO","25","25","[c]","[c]"
"In post","2021","Unknown","Unknown","Female","Undeclared","65","60","31870","27570"
"In post","2021","Unknown","Unknown","Female","Unknown","545","525","33680","30780"
"In post","2021","Unknown","Unknown","Male","Heterosexual / straight","440","430","34470","28120"
"In post","2021","Unknown","Unknown","Male","LGBO","40","35","34140","27570"
"In post","2021","Unknown","Unknown","Male","Undeclared","55","55","33130","28010"
"In post","2021","Unknown","Unknown","Male","Unknown","2000","1995","37630","33570"
"In post","2021","Unknown","Unknown","Unknown","Heterosexual / straight","[c]","[c]","[c]","[c]"
"In post","2021","Unknown","Unknown","Unknown","LGBO","[c]","[c]","[c]","[c]"
"In post","2021","Wales","Outside London","Female","Heterosexual / straight","14010","12590","30500","27570"
"In post","2021","Wales","Outside London","Female","LGBO","625","600","29180","26210"
"In post","2021","Wales","Outside London","Female","Undeclared","2265","1895","28270","23830"
"In post","2021","Wales","Outside London","Female","Unknown","3765","3280","26830","23320"
"In post","2021","Wales","Outside London","Male","Heterosexual / straight","9735","9440","33430","28660"
"In post","2021","Wales","Outside London","Male","LGBO","695","685","31790","27570"
"In post","2021","Wales","Outside London","Male","Undeclared","1875","1785","32270","28130"
"In post","2021","Wales","Outside London","Male","Unknown","3095","2970","30330","26780"
"In post","2021","Wales","Outside London","Unknown","Heterosexual / straight","10","10","[c]","[c]"
"In post","2021","Wales","Outside London","Unknown","LGBO","[c]","[c]","[c]","[c]"
"In post","2021","Wales","Outside London","Unknown","Unknown","10","10","[c]","[c]"
"In post","2021","West Midlands (England)","Outside London","Female","Heterosexual / straight","11785","10630","29640","27570"
"In post","2021","West Midlands (England)","Outside London","Female","LGBO","530","505","29160","26810"
"In post","2021","West Midlands (England)","Outside London","Female","Undeclared","1385","1220","29070","27130"
"In post","2021","West Midlands (England)","Outside London","Female","Unknown","3805","3335","28310","26120"
"In post","2021","West Midlands (England)","Outside London","Male","Heterosexual / straight","8570","8340","31610","27570"
"In post","2021","West Midlands (England)","Outside London","Male","LGBO","485","470","30200","27570"
"In post","2021","West Midlands (England)","Outside London","Male","Undeclared","1120","1070","31520","27570"
"In post","2021","West Midlands (England)","Outside London","Male","Unknown","2820","2710","30940","27570"
"In post","2021","West Midlands (England)","Outside London","Unknown","Heterosexual / straight","[c]","[c]","[c]","[c]"
"In post","2021","West Midlands (England)","Outside London","Unknown","LGBO","[c]","[c]","[c]","[c]"
"In post","2021","Yorkshire and The Humber","Outside London","Female","Heterosexual / straight","13640","12140","30760","27570"
"In post","2021","Yorkshire and The Humber","Outside London","Female","LGBO","785","750","30560","27570"
"In post","2021","Yorkshire and The Humber","Outside London","Female","Undeclared","1595","1400","29640","27570"
"In post","2021","Yorkshire and The Humber","Outside London","Female","Unknown","4040","3560","29890","27570"
"In post","2021","Yorkshire and The Humber","Outside London","Male","Heterosexual / straight","10710","10350","32550","27570"
"In post","2021","Yorkshire and The Humber","Outside London","Male","LGBO","670","650","31280","27570"
"In post","2021","Yorkshire and The Humber","Outside London","Male","Undeclared","1455","1390","32350","29200"
"In post","2021","Yorkshire and The Humber","Outside London","Male","Unknown","3715","3570","30820","27570"
"In post","2021","Yorkshire and The Humber","Outside London","Unknown","Heterosexual / straight","[c]","[c]","[c]","[c]"
"In post","2021","Yorkshire and The Humber","Outside London","Unknown","LGBO","[c]","[c]","[c]","[c]"
"Leaver CS","2021","East Midlands (England)","Outside London","Female","Heterosexual / straight","375","[c]","26790","22080"
"Leaver CS","2021","East Midlands (England)","Outside London","Female","LGBO","25","[c]","[c]","[c]"
"Leaver CS","2021","East Midlands (England)","Outside London","Female","Undeclared","55","[c]","24530","21100"
"Leaver CS","2021","East Midlands (England)","Outside London","Female","Unknown","425","[c]","25050","21170"
"Leaver CS","2021","East Midlands (England)","Outside London","Male","Heterosexual / straight","360","[c]","29210","27380"
"Leaver CS","2021","East Midlands (England)","Outside London","Male","LGBO","10","[c]","[c]","[c]"
"Leaver CS","2021","East Midlands (England)","Outside London","Male","Undeclared","65","[c]","29800","27470"
"Leaver CS","2021","East Midlands (England)","Outside London","Male","Unknown","280","[c]","26510","25640"
"Leaver CS","2021","East Midlands (England)","Outside London","Unknown","Heterosexual / straight","[c]","[c]","[c]","[c]"
"Leaver CS","2021","East Midlands (England)","Outside London","Unknown","LGBO","[c]","[c]","[c]","[c]"
"Leaver CS","2021","East of England","Outside London","Female","Heterosexual / straight","405","[c]","28000","24180"
"Leaver CS","2021","East of England","Outside London","Female","LGBO","20","[c]","[c]","[c]"
"Leaver CS","2021","East of England","Outside London","Female","Undeclared","65","[c]","27190","24700"
"Leaver CS","2021","East of England","Outside London","Female","Unknown","470","[c]","27750","26890"
"Leaver CS","2021","East of England","Outside London","Male","Heterosexual / straight","395","[c]","32750","27570"
"Leaver CS","2021","East of England","Outside London","Male","LGBO","15","[c]","[c]","[c]"
"Leaver CS","2021","East of England","Outside London","Male","Undeclared","65","[c]","35250","32740"
"Leaver CS","2021","East of England","Outside London","Male","Unknown","345","[c]","32170","27570"
"Leaver CS","2021","East of England","Outside London","Unknown","Heterosexual / straight","10","[c]","[c]","[c]"
"Leaver CS","2021","East of England","Outside London","Unknown","LGBO","[c]","[c]","[c]","[c]"
"Leaver CS","2021","East of England","Outside London","Unknown","Unknown","10","[c]","[c]","[c]"
"Leaver CS","2021","London","London","Female","Heterosexual / straight","1285","[c]","40040","32650"
"Leaver CS","2021","London","London","Female","LGBO","95","[c]","42000","33300"
"Leaver CS","2021","London","London","Female","Undeclared","185","[c]","41350","35200"
"Leaver CS","2021","London","London","Female","Unknown","1150","[c]","36750","31060"
"Leaver CS","2021","London","London","Male","Heterosexual / straight","1135","[c]","44340","36530"
"Leaver CS","2021","London","London","Male","LGBO","110","[c]","45100","40350"
"Leaver CS","2021","London","London","Male","Undeclared","195","[c]","46940","40470"
"Leaver CS","2021","London","London","Male","Unknown","1080","[c]","39770","31880"
"Leaver CS","2021","London","London","Unknown","Heterosexual / straight","40","[c]","42130","38870"
"Leaver CS","2021","London","London","Unknown","LGBO","[c]","[c]","[c]","[c]"
"Leaver CS","2021","London","London","Unknown","Undeclared","5","[c]","[c]","[c]"
"Leaver CS","2021","London","London","Unknown","Unknown","30","[c]","52240","42640"
"Leaver CS","2021","North East (England)","Outside London","Female","Heterosexual / straight","345","[c]","25820","21010"
"Leaver CS","2021","North East (England)","Outside London","Female","LGBO","5","[c]","[c]","[c]"
"Leaver CS","2021","North East (England)","Outside London","Female","Undeclared","35","[c]","27630","21680"
"Leaver CS","2021","North East (England)","Outside London","Female","Unknown","615","[c]","25650","21050"
"Leaver CS","2021","North East (England)","Outside London","Male","Heterosexual / straight","260","[c]","28640","21430"
"Leaver CS","2021","North East (England)","Outside London","Male","LGBO","15","[c]","[c]","[c]"
"Leaver CS","2021","North East (England)","Outside London","Male","Undeclared","35","[c]","[c]","[c]"
"Leaver CS","2021","North East (England)","Outside London","Male","Unknown","370","[c]","25260","21240"
"Leaver CS","2021","North East (England)","Outside London","Unknown","Heterosexual / straight","[c]","[c]","[c]","[c]"
"Leaver CS","2021","North East (England)","Outside London","Unknown","LGBO","[c]","[c]","[c]","[c]"
"Leaver CS","2021","North East (England)","Outside London","Unknown","Unknown","[c]","[c]","[c]","[c]"
"Leaver CS","2021","North West (England)","Outside London","Female","Heterosexual / straight","745","[c]","27760","22570"
"Leaver CS","2021","North West (England)","Outside London","Female","LGBO","40","[c]","[c]","[c]"
"Leaver CS","2021","North West (England)","Outside London","Female","Undeclared","85","[c]","29940","24210"
"Leaver CS","2021","North West (England)","Outside London","Female","Unknown","685","[c]","26160","21180"
"Leaver CS","2021","North West (England)","Outside London","Male","Heterosexual / straight","560","[c]","29960","25780"
"Leaver CS","2021","North West (England)","Outside London","Male","LGBO","50","[c]","31220","26670"
"Leaver CS","2021","North West (England)","Outside London","Male","Undeclared","80","[c]","28040","26780"
"Leaver CS","2021","North West (England)","Outside London","Male","Unknown","520","[c]","27330","24920"
"Leaver CS","2021","North West (England)","Outside London","Unknown","Heterosexual / straight","[c]","[c]","[c]","[c]"
"Leaver CS","2021","North West (England)","Outside London","Unknown","LGBO","[c]","[c]","[c]","[c]"
"Leaver CS","2021","North West (England)","Outside London","Unknown","Unknown","[c]","[c]","[c]","[c]"
"Leaver CS","2021","Northern Ireland","Outside London","Female","Heterosexual / straight","30","[c]","[c]","[c]"
"Leaver CS","2021","Northern Ireland","Outside London","Female","LGBO","[c]","[c]","[c]","[c]"
"Leaver CS","2021","Northern Ireland","Outside London","Female","Undeclared","[c]","[c]","[c]","[c]"
"Leaver CS","2021","Northern Ireland","Outside London","Female","Unknown","75","[c]","[c]","[c]"
"Leaver CS","2021","Northern Ireland","Outside London","Male","Heterosexual / straight","35","[c]","27530","21320"
"Leaver CS","2021","Northern Ireland","Outside London","Male","LGBO","[c]","[c]","[c]","[c]"
"Leaver CS","2021","Northern Ireland","Outside London","Male","Undeclared","[c]","[c]","[c]","[c]"
"Leaver CS","2021","Northern Ireland","Outside London","Male","Unknown","50","[c]","[c]","[c]"
"Leaver CS","2021","Northern Ireland","Outside London","Unknown","Heterosexual / straight","[c]","[c]","[c]","[c]"
"Leaver CS","2021","Northern Ireland","Outside London","Unknown","LGBO","[c]","[c]","[c]","[c]"
"Leaver CS","2021","Overseas","Overseas","Female","Heterosexual / straight","35","[c]","37420","36960"
"Leaver CS","2021","Overseas","Overseas","Female","LGBO","[c]","[c]","[c]","[c]"
"Leaver CS","2021","Overseas","Overseas","Female","Undeclared","[c]","[c]","[c]","[c]"
"Leaver CS","2021","Overseas","Overseas","Female","Unknown","35","[c]","[c]","[c]"
"Leaver CS","2021","Overseas","Overseas","Male","Heterosexual / straight","30","[c]","[c]","[c]"
"Leaver CS","2021","Overseas","Overseas","Male","LGBO","[c]","[c]","[c]","[c]"
"Leaver CS","2021","Overseas","Overseas","Male","Undeclared","5","[c]","[c]","[c]"
"Leaver CS","2021","Overseas","Overseas","Male","Unknown","25","[c]","[c]","[c]"
"Leaver CS","2021","Overseas","Overseas","Unknown","Heterosexual / straight","[c]","[c]","[c]","[c]"
"Leaver CS","2021","Overseas","Overseas","Unknown","LGBO","[c]","[c]","[c]","[c]"
"Leaver CS","2021","Scotland","Outside London","Female","Heterosexual / straight","395","[c]","30260","26570"
"Leaver CS","2021","Scotland","Outside London","Female","LGBO","25","[c]","[c]","[c]"
"Leaver CS","2021","Scotland","Outside London","Female","Undeclared","105","[c]","28830","22820"
"Leaver CS","2021","Scotland","Outside London","Female","Unknown","670","[c]","31260","26160"
"Leaver CS","2021","Scotland","Outside London","Male","Heterosexual / straight","415","[c]","34930","30950"
"Leaver CS","2021","Scotland","Outside London","Male","LGBO","20","[c]","[c]","[c]"
"Leaver CS","2021","Scotland","Outside London","Male","Undeclared","110","[c]","30610","27570"
"Leaver CS","2021","Scotland","Outside London","Male","Unknown","595","[c]","33830","29190"
"Leaver CS","2021","Scotland","Outside London","Unknown","Heterosexual / straight","[c]","[c]","[c]","[c]"
"Leaver CS","2021","Scotland","Outside London","Unknown","LGBO","[c]","[c]","[c]","[c]"
"Leaver CS","2021","South East (England)","Outside London","Female","Heterosexual / straight","660","[c]","28420","25110"
"Leaver CS","2021","South East (England)","Outside London","Female","LGBO","55","[c]","[c]","[c]"
"Leaver CS","2021","South East (England)","Outside London","Female","Undeclared","110","[c]","29270","26670"
"Leaver CS","2021","South East (England)","Outside London","Female","Unknown","475","[c]","27800","24370"
"Leaver CS","2021","South East (England)","Outside London","Male","Heterosexual / straight","775","[c]","30670","27670"
"Leaver CS","2021","South East (England)","Outside London","Male","LGBO","45","[c]","29780","24180"
"Leaver CS","2021","South East (England)","Outside London","Male","Undeclared","125","[c]","35250","32430"
"Leaver CS","2021","South East (England)","Outside London","Male","Unknown","445","[c]","31510","26890"
"Leaver CS","2021","South East (England)","Outside London","Unknown","Heterosexual / straight","[c]","[c]","[c]","[c]"
"Leaver CS","2021","South East (England)","Outside London","Unknown","LGBO","[c]","[c]","[c]","[c]"
"Leaver CS","2021","South West (England)","Outside London","Female","Heterosexual / straight","640","[c]","29420","26000"
"Leaver CS","2021","South West (England)","Outside London","Female","LGBO","50","[c]","23380","21010"
"Leaver CS","2021","South West (England)","Outside London","Female","Undeclared","95","[c]","29130","26780"
"Leaver CS","2021","South West (England)","Outside London","Female","Unknown","325","[c]","30020","27570"
"Leaver CS","2021","South West (England)","Outside London","Male","Heterosexual / straight","785","[c]","35500","32670"
"Leaver CS","2021","South West (England)","Outside London","Male","LGBO","40","[c]","25830","22780"
"Leaver CS","2021","South West (England)","Outside London","Male","Undeclared","120","[c]","34410","33010"
"Leaver CS","2021","South West (England)","Outside London","Male","Unknown","400","[c]","33430","27570"
"Leaver CS","2021","South West (England)","Outside London","Unknown","Heterosexual / straight","[c]","[c]","[c]","[c]"
"Leaver CS","2021","South West (England)","Outside London","Unknown","LGBO","[c]","[c]","[c]","[c]"
"Leaver CS","2021","Unknown","Unknown","Female","Heterosexual / straight","20","[c]","[c]","[c]"
"Leaver CS","2021","Unknown","Unknown","Female","LGBO","[c]","[c]","[c]","[c]"
"Leaver CS","2021","Unknown","Unknown","Female","Undeclared","[c]","[c]","[c]","[c]"
"Leaver CS","2021","Unknown","Unknown","Female","Unknown","305","[c]","39690","28000"
"Leaver CS","2021","Unknown","Unknown","Male","Heterosexual / straight","35","[c]","45830","38650"
"Leaver CS","2021","Unknown","Unknown","Male","LGBO","[c]","[c]","[c]","[c]"
"Leaver CS","2021","Unknown","Unknown","Male","Undeclared","[c]","[c]","[c]","[c]"
"Leaver CS","2021","Unknown","Unknown","Male","Unknown","325","[c]","40710","32400"
"Leaver CS","2021","Unknown","Unknown","Unknown","Heterosexual / straight","[c]","[c]","[c]","[c]"
"Leaver CS","2021","Unknown","Unknown","Unknown","LGBO","[c]","[c]","[c]","[c]"
"Leaver CS","2021","Wales","Outside London","Female","Heterosexual / straight","425","[c]","28410","22160"
"Leaver CS","2021","Wales","Outside London","Female","LGBO","25","[c]","[c]","[c]"
"Leaver CS","2021","Wales","Outside London","Female","Undeclared","80","[c]","28010","21590"
"Leaver CS","2021","Wales","Outside London","Female","Unknown","495","[c]","25730","21590"
"Leaver CS","2021","Wales","Outside London","Male","Heterosexual / straight","425","[c]","32060","26890"
"Leaver CS","2021","Wales","Outside London","Male","LGBO","20","[c]","[c]","[c]"
"Leaver CS","2021","Wales","Outside London","Male","Undeclared","65","[c]","30510","24950"
"Leaver CS","2021","Wales","Outside London","Male","Unknown","425","[c]","28650","23320"
"Leaver CS","2021","Wales","Outside London","Unknown","Heterosexual / straight","[c]","[c]","[c]","[c]"
"Leaver CS","2021","Wales","Outside London","Unknown","LGBO","[c]","[c]","[c]","[c]"
"Leaver CS","2021","Wales","Outside London","Unknown","Unknown","[c]","[c]","[c]","[c]"
"Leaver CS","2021","West Midlands (England)","Outside London","Female","Heterosexual / straight","450","[c]","28220","25470"
"Leaver CS","2021","West Midlands (England)","Outside London","Female","LGBO","30","[c]","[c]","[c]"
"Leaver CS","2021","West Midlands (England)","Outside London","Female","Undeclared","65","[c]","29860","27570"
"Leaver CS","2021","West Midlands (England)","Outside London","Female","Unknown","530","[c]","29640","22570"
"Leaver CS","2021","West Midlands (England)","Outside London","Male","Heterosexual / straight","365","[c]","32170","26120"
"Leaver CS","2021","West Midlands (England)","Outside London","Male","LGBO","15","[c]","[c]","[c]"
"Leaver CS","2021","West Midlands (England)","Outside London","Male","Undeclared","60","[c]","32070","26440"
"Leaver CS","2021","West Midlands (England)","Outside London","Male","Unknown","355","[c]","30580","25140"
"Leaver CS","2021","West Midlands (England)","Outside London","Unknown","Heterosexual / straight","[c]","[c]","[c]","[c]"
"Leaver CS","2021","West Midlands (England)","Outside London","Unknown","LGBO","[c]","[c]","[c]","[c]"
"Leaver CS","2021","Yorkshire and The Humber","Outside London","Female","Heterosexual / straight","495","[c]","28990","26120"
"Leaver CS","2021","Yorkshire and The Humber","Outside London","Female","LGBO","25","[c]","[c]","[c]"
"Leaver CS","2021","Yorkshire and The Humber","Outside London","Female","Undeclared","90","[c]","28150","26920"
"Leaver CS","2021","Yorkshire and The Humber","Outside London","Female","Unknown","680","[c]","27970","25490"
"Leaver CS","2021","Yorkshire and The Humber","Outside London","Male","Heterosexual / straight","470","[c]","31780","26670"
"Leaver CS","2021","Yorkshire and The Humber","Outside London","Male","LGBO","15","[c]","[c]","[c]"
"Leaver CS","2021","Yorkshire and The Humber","Outside London","Male","Undeclared","70","[c]","33220","27550"
"Leaver CS","2021","Yorkshire and The Humber","Outside London","Male","Unknown","485","[c]","33070","27570"
"Leaver CS","2021","Yorkshire and The Humber","Outside London","Unknown","Heterosexual / straight","[c]","[c]","[c]","[c]"
"Leaver CS","2021","Yorkshire and The Humber","Outside London","Unknown","LGBO","[c]","[c]","[c]","[c]"
"Leaver CS","2021","Yorkshire and The Humber","Outside London","Unknown","Unknown","[c]","[c]","[c]","[c]"
"Leaver Dept.","2021","East Midlands (England)","Outside London","Female","Heterosexual / straight","85","[c]","26160","23470"
"Leaver Dept.","2021","East Midlands (England)","Outside London","Female","LGBO","10","[c]","[c]","[c]"
"Leaver Dept.","2021","East Midlands (England)","Outside London","Female","Undeclared","10","[c]","[c]","[c]"
"Leaver Dept.","2021","East Midlands (England)","Outside London","Female","Unknown","50","[c]","[c]","[c]"
"Leaver Dept.","2021","East Midlands (England)","Outside London","Male","Heterosexual / straight","50","[c]","25980","21530"
"Leaver Dept.","2021","East Midlands (England)","Outside London","Male","LGBO","10","[c]","[c]","[c]"
"Leaver Dept.","2021","East Midlands (England)","Outside London","Male","Undeclared","5","[c]","[c]","[c]"
"Leaver Dept.","2021","East Midlands (England)","Outside London","Male","Unknown","50","[c]","[c]","[c]"
"Leaver Dept.","2021","East Midlands (England)","Outside London","Unknown","Heterosexual / straight","[c]","[c]","[c]","[c]"
"Leaver Dept.","2021","East Midlands (England)","Outside London","Unknown","LGBO","[c]","[c]","[c]","[c]"
"Leaver Dept.","2021","East of England","Outside London","Female","Heterosexual / straight","80","[c]","32920","29290"
"Leaver Dept.","2021","East of England","Outside London","Female","LGBO","[c]","[c]","[c]","[c]"
"Leaver Dept.","2021","East of England","Outside London","Female","Undeclared","5","[c]","[c]","[c]"
"Leaver Dept.","2021","East of England","Outside London","Female","Unknown","30","[c]","[c]","[c]"
"Leaver Dept.","2021","East of England","Outside London","Male","Heterosexual / straight","45","[c]","32770","32390"
"Leaver Dept.","2021","East of England","Outside London","Male","LGBO","5","[c]","[c]","[c]"
"Leaver Dept.","2021","East of England","Outside London","Male","Undeclared","10","[c]","[c]","[c]"
"Leaver Dept.","2021","East of England","Outside London","Male","Unknown","25","[c]","[c]","[c]"
"Leaver Dept.","2021","East of England","Outside London","Unknown","Heterosexual / straight","[c]","[c]","[c]","[c]"
"Leaver Dept.","2021","East of England","Outside London","Unknown","LGBO","[c]","[c]","[c]","[c]"
"Leaver Dept.","2021","London","London","Female","Heterosexual / straight","1590","[c]","44260","38820"
"Leaver Dept.","2021","London","London","Female","LGBO","130","[c]","41000","35070"
"Leaver Dept.","2021","London","London","Female","Undeclared","195","[c]","47260","42630"
"Leaver Dept.","2021","London","London","Female","Unknown","1015","[c]","43210","38750"
"Leaver Dept.","2021","London","London","Male","Heterosexual / straight","1180","[c]","44600","39070"
"Leaver Dept.","2021","London","London","Male","LGBO","175","[c]","44640","40190"
"Leaver Dept.","2021","London","London","Male","Undeclared","140","[c]","45070","41570"
"Leaver Dept.","2021","London","London","Male","Unknown","895","[c]","43480","38730"
"Leaver Dept.","2021","London","London","Unknown","Heterosexual / straight","5","[c]","[c]","[c]"
"Leaver Dept.","2021","London","London","Unknown","LGBO","[c]","[c]","[c]","[c]"
"Leaver Dept.","2021","London","London","Unknown","Undeclared","[c]","[c]","[c]","[c]"
"Leaver Dept.","2021","London","London","Unknown","Unknown","5","[c]","[c]","[c]"
"Leaver Dept.","2021","North East (England)","Outside London","Female","Heterosexual / straight","170","[c]","26660","24300"
"Leaver Dept.","2021","North East (England)","Outside London","Female","LGBO","10","[c]","[c]","[c]"
"Leaver Dept.","2021","North East (England)","Outside London","Female","Undeclared","10","[c]","[c]","[c]"
"Leaver Dept.","2021","North East (England)","Outside London","Female","Unknown","185","[c]","29480","27570"
"Leaver Dept.","2021","North East (England)","Outside London","Male","Heterosexual / straight","90","[c]","28150","26890"
"Leaver Dept.","2021","North East (England)","Outside London","Male","LGBO","10","[c]","[c]","[c]"
"Leaver Dept.","2021","North East (England)","Outside London","Male","Undeclared","10","[c]","[c]","[c]"
"Leaver Dept.","2021","North East (England)","Outside London","Male","Unknown","125","[c]","30000","27570"
"Leaver Dept.","2021","North East (England)","Outside London","Unknown","Heterosexual / straight","[c]","[c]","[c]","[c]"
"Leaver Dept.","2021","North East (England)","Outside London","Unknown","LGBO","[c]","[c]","[c]","[c]"
"Leaver Dept.","2021","North West (England)","Outside London","Female","Heterosexual / straight","285","[c]","29870","27160"
"Leaver Dept.","2021","North West (England)","Outside London","Female","LGBO","20","[c]","[c]","[c]"
"Leaver Dept.","2021","North West (England)","Outside London","Female","Undeclared","20","[c]","[c]","[c]"
"Leaver Dept.","2021","North West (England)","Outside London","Female","Unknown","260","[c]","26670","24250"
"Leaver Dept.","2021","North West (England)","Outside London","Male","Heterosexual / straight","205","[c]","30180","27570"
"Leaver Dept.","2021","North West (England)","Outside London","Male","LGBO","20","[c]","[c]","[c]"
"Leaver Dept.","2021","North West (England)","Outside London","Male","Undeclared","20","[c]","[c]","[c]"
"Leaver Dept.","2021","North West (England)","Outside London","Male","Unknown","245","[c]","28940","25630"
"Leaver Dept.","2021","North West (England)","Outside London","Unknown","Heterosexual / straight","[c]","[c]","[c]","[c]"
"Leaver Dept.","2021","North West (England)","Outside London","Unknown","LGBO","[c]","[c]","[c]","[c]"
"Leaver Dept.","2021","Northern Ireland","Outside London","Female","Heterosexual / straight","15","[c]","[c]","[c]"
"Leaver Dept.","2021","Northern Ireland","Outside London","Female","LGBO","[c]","[c]","[c]","[c]"
"Leaver Dept.","2021","Northern Ireland","Outside London","Female","Undeclared","[c]","[c]","[c]","[c]"
"Leaver Dept.","2021","Northern Ireland","Outside London","Female","Unknown","10","[c]","[c]","[c]"
"Leaver Dept.","2021","Northern Ireland","Outside London","Male","Heterosexual / straight","5","[c]","[c]","[c]"
"Leaver Dept.","2021","Northern Ireland","Outside London","Male","LGBO","[c]","[c]","[c]","[c]"
"Leaver Dept.","2021","Northern Ireland","Outside London","Male","Undeclared","[c]","[c]","[c]","[c]"
"Leaver Dept.","2021","Northern Ireland","Outside London","Male","Unknown","15","[c]","[c]","[c]"
"Leaver Dept.","2021","Northern Ireland","Outside London","Unknown","Heterosexual / straight","[c]","[c]","[c]","[c]"
"Leaver Dept.","2021","Northern Ireland","Outside London","Unknown","LGBO","[c]","[c]","[c]","[c]"
"Leaver Dept.","2021","Overseas","Overseas","Female","Heterosexual / straight","15","[c]","[c]","[c]"
"Leaver Dept.","2021","Overseas","Overseas","Female","LGBO","[c]","[c]","[c]","[c]"
"Leaver Dept.","2021","Overseas","Overseas","Female","Undeclared","[c]","[c]","[c]","[c]"
"Leaver Dept.","2021","Overseas","Overseas","Female","Unknown","40","[c]","[c]","[c]"
"Leaver Dept.","2021","Overseas","Overseas","Male","Heterosexual / straight","20","[c]","[c]","[c]"
"Leaver Dept.","2021","Overseas","Overseas","Male","LGBO","[c]","[c]","[c]","[c]"
"Leaver Dept.","2021","Overseas","Overseas","Male","Undeclared","[c]","[c]","[c]","[c]"
"Leaver Dept.","2021","Overseas","Overseas","Male","Unknown","40","[c]","[c]","[c]"
"Leaver Dept.","2021","Overseas","Overseas","Unknown","Heterosexual / straight","[c]","[c]","[c]","[c]"
"Leaver Dept.","2021","Overseas","Overseas","Unknown","LGBO","[c]","[c]","[c]","[c]"
"Leaver Dept.","2021","Scotland","Outside London","Female","Heterosexual / straight","145","[c]","30900","27570"
"Leaver Dept.","2021","Scotland","Outside London","Female","LGBO","10","[c]","[c]","[c]"
"Leaver Dept.","2021","Scotland","Outside London","Female","Undeclared","25","[c]","[c]","[c]"
"Leaver Dept.","2021","Scotland","Outside London","Female","Unknown","170","[c]","29970","26550"
"Leaver Dept.","2021","Scotland","Outside London","Male","Heterosexual / straight","80","[c]","30170","27480"
"Leaver Dept.","2021","Scotland","Outside London","Male","LGBO","15","[c]","[c]","[c]"
"Leaver Dept.","2021","Scotland","Outside London","Male","Undeclared","15","[c]","[c]","[c]"
"Leaver Dept.","2021","Scotland","Outside London","Male","Unknown","145","[c]","31850","27570"
"Leaver Dept.","2021","Scotland","Outside London","Unknown","Heterosexual / straight","[c]","[c]","[c]","[c]"
"Leaver Dept.","2021","Scotland","Outside London","Unknown","LGBO","[c]","[c]","[c]","[c]"
"Leaver Dept.","2021","South East (England)","Outside London","Female","Heterosexual / straight","145","[c]","31500","29200"
"Leaver Dept.","2021","South East (England)","Outside London","Female","LGBO","5","[c]","[c]","[c]"
"Leaver Dept.","2021","South East (England)","Outside London","Female","Undeclared","20","[c]","[c]","[c]"
"Leaver Dept.","2021","South East (England)","Outside London","Female","Unknown","65","[c]","32140","28080"
"Leaver Dept.","2021","South East (England)","Outside London","Male","Heterosexual / straight","105","[c]","35930","30230"
"Leaver Dept.","2021","South East (England)","Outside London","Male","LGBO","10","[c]","[c]","[c]"
"Leaver Dept.","2021","South East (England)","Outside London","Male","Undeclared","20","[c]","[c]","[c]"
"Leaver Dept.","2021","South East (England)","Outside London","Male","Unknown","55","[c]","29000","24450"
"Leaver Dept.","2021","South East (England)","Outside London","Unknown","Heterosexual / straight","[c]","[c]","[c]","[c]"
"Leaver Dept.","2021","South East (England)","Outside London","Unknown","LGBO","[c]","[c]","[c]","[c]"
"Leaver Dept.","2021","South West (England)","Outside London","Female","Heterosexual / straight","270","[c]","33640","29550"
"Leaver Dept.","2021","South West (England)","Outside London","Female","LGBO","15","[c]","[c]","[c]"
"Leaver Dept.","2021","South West (England)","Outside London","Female","Undeclared","20","[c]","[c]","[c]"
"Leaver Dept.","2021","South West (England)","Outside London","Female","Unknown","100","[c]","34990","30230"
"Leaver Dept.","2021","South West (England)","Outside London","Male","Heterosexual / straight","250","[c]","35490","32420"
"Leaver Dept.","2021","South West (England)","Outside London","Male","LGBO","25","[c]","[c]","[c]"
"Leaver Dept.","2021","South West (England)","Outside London","Male","Undeclared","35","[c]","38890","37850"
"Leaver Dept.","2021","South West (England)","Outside London","Male","Unknown","95","[c]","35180","32820"
"Leaver Dept.","2021","South West (England)","Outside London","Unknown","Heterosexual / straight","[c]","[c]","[c]","[c]"
"Leaver Dept.","2021","South West (England)","Outside London","Unknown","LGBO","[c]","[c]","[c]","[c]"
"Leaver Dept.","2021","Unknown","Unknown","Female","Heterosexual / straight","130","[c]","36410","32000"
"Leaver Dept.","2021","Unknown","Unknown","Female","LGBO","15","[c]","[c]","[c]"
"Leaver Dept.","2021","Unknown","Unknown","Female","Undeclared","25","[c]","[c]","[c]"
"Leaver Dept.","2021","Unknown","Unknown","Female","Unknown","210","[c]","33230","32000"
"Leaver Dept.","2021","Unknown","Unknown","Male","Heterosexual / straight","105","[c]","40280","32320"
"Leaver Dept.","2021","Unknown","Unknown","Male","LGBO","15","[c]","[c]","[c]"
"Leaver Dept.","2021","Unknown","Unknown","Male","Undeclared","15","[c]","[c]","[c]"
"Leaver Dept.","2021","Unknown","Unknown","Male","Unknown","190","[c]","34580","32000"
"Leaver Dept.","2021","Unknown","Unknown","Unknown","Heterosexual / straight","[c]","[c]","[c]","[c]"
"Leaver Dept.","2021","Unknown","Unknown","Unknown","LGBO","[c]","[c]","[c]","[c]"
"Leaver Dept.","2021","Wales","Outside London","Female","Heterosexual / straight","180","[c]","29530","27570"
"Leaver Dept.","2021","Wales","Outside London","Female","LGBO","10","[c]","[c]","[c]"
"Leaver Dept.","2021","Wales","Outside London","Female","Undeclared","15","[c]","[c]","[c]"
"Leaver Dept.","2021","Wales","Outside London","Female","Unknown","115","[c]","31220","27570"
"Leaver Dept.","2021","Wales","Outside London","Male","Heterosexual / straight","140","[c]","34120","30980"
"Leaver Dept.","2021","Wales","Outside London","Male","LGBO","10","[c]","[c]","[c]"
"Leaver Dept.","2021","Wales","Outside London","Male","Undeclared","10","[c]","[c]","[c]"
"Leaver Dept.","2021","Wales","Outside London","Male","Unknown","105","[c]","35910","27570"
"Leaver Dept.","2021","Wales","Outside London","Unknown","Heterosexual / straight","[c]","[c]","[c]","[c]"
"Leaver Dept.","2021","Wales","Outside London","Unknown","LGBO","[c]","[c]","[c]","[c]"
"Leaver Dept.","2021","West Midlands (England)","Outside London","Female","Heterosexual / straight","175","[c]","27240","22570"
"Leaver Dept.","2021","West Midlands (England)","Outside London","Female","LGBO","10","[c]","[c]","[c]"
"Leaver Dept.","2021","West Midlands (England)","Outside London","Female","Undeclared","10","[c]","[c]","[c]"
"Leaver Dept.","2021","West Midlands (England)","Outside London","Female","Unknown","115","[c]","30650","27570"
"Leaver Dept.","2021","West Midlands (England)","Outside London","Male","Heterosexual / straight","120","[c]","28720","23210"
"Leaver Dept.","2021","West Midlands (England)","Outside London","Male","LGBO","10","[c]","[c]","[c]"
"Leaver Dept.","2021","West Midlands (England)","Outside London","Male","Undeclared","10","[c]","[c]","[c]"
"Leaver Dept.","2021","West Midlands (England)","Outside London","Male","Unknown","90","[c]","29580","24920"
"Leaver Dept.","2021","West Midlands (England)","Outside London","Unknown","Heterosexual / straight","[c]","[c]","[c]","[c]"
"Leaver Dept.","2021","West Midlands (England)","Outside London","Unknown","LGBO","[c]","[c]","[c]","[c]"
"Leaver Dept.","2021","Yorkshire and The Humber","Outside London","Female","Heterosexual / straight","175","[c]","32950","27570"
"Leaver Dept.","2021","Yorkshire and The Humber","Outside London","Female","LGBO","15","[c]","[c]","[c]"
"Leaver Dept.","2021","Yorkshire and The Humber","Outside London","Female","Undeclared","20","[c]","[c]","[c]"
"Leaver Dept.","2021","Yorkshire and The Humber","Outside London","Female","Unknown","145","[c]","34020","31990"
"Leaver Dept.","2021","Yorkshire and The Humber","Outside London","Male","Heterosexual / straight","135","[c]","32980","29930"
"Leaver Dept.","2021","Yorkshire and The Humber","Outside London","Male","LGBO","10","[c]","[c]","[c]"
"Leaver Dept.","2021","Yorkshire and The Humber","Outside London","Male","Undeclared","20","[c]","[c]","[c]"
"Leaver Dept.","2021","Yorkshire and The Humber","Outside London","Male","Unknown","120","[c]","36490","33290"
"Leaver Dept.","2021","Yorkshire and The Humber","Outside London","Unknown","Heterosexual / straight","[c]","[c]","[c]","[c]"
"Leaver Dept.","2021","Yorkshire and The Humber","Outside London","Unknown","LGBO","[c]","[c]","[c]","[c]"
"New entrant CS","2021","East Midlands (England)","Outside London","Female","Heterosexual / straight","895","[c]","26030","26370"
"New entrant CS","2021","East Midlands (England)","Outside London","Female","LGBO","65","[c]","25870","27570"
"New entrant CS","2021","East Midlands (England)","Outside London","Female","Undeclared","60","[c]","29360","27570"
"New entrant CS","2021","East Midlands (England)","Outside London","Female","Unknown","385","[c]","24670","22850"
"New entrant CS","2021","East Midlands (England)","Outside London","Male","Heterosexual / straight","685","[c]","27340","25560"
"New entrant CS","2021","East Midlands (England)","Outside London","Male","LGBO","60","[c]","26930","27570"
"New entrant CS","2021","East Midlands (England)","Outside London","Male","Undeclared","35","[c]","28990","27570"
"New entrant CS","2021","East Midlands (England)","Outside London","Male","Unknown","290","[c]","25500","24190"
"New entrant CS","2021","East Midlands (England)","Outside London","Unknown","Heterosexual / straight","[c]","[c]","[c]","[c]"
"New entrant CS","2021","East Midlands (England)","Outside London","Unknown","LGBO","[c]","[c]","[c]","[c]"
"New entrant CS","2021","East of England","Outside London","Female","Heterosexual / straight","1220","[c]","26950","27570"
"New entrant CS","2021","East of England","Outside London","Female","LGBO","90","[c]","25480","24890"
"New entrant CS","2021","East of England","Outside London","Female","Undeclared","70","[c]","26810","26350"
"New entrant CS","2021","East of England","Outside London","Female","Unknown","360","[c]","25010","22920"
"New entrant CS","2021","East of England","Outside London","Male","Heterosexual / straight","865","[c]","28020","27570"
"New entrant CS","2021","East of England","Outside London","Male","LGBO","80","[c]","26320","27570"
"New entrant CS","2021","East of England","Outside London","Male","Undeclared","30","[c]","31160","26510"
"New entrant CS","2021","East of England","Outside London","Male","Unknown","295","[c]","27180","25850"
"New entrant CS","2021","East of England","Outside London","Unknown","Heterosexual / straight","[c]","[c]","[c]","[c]"
"New entrant CS","2021","East of England","Outside London","Unknown","LGBO","[c]","[c]","[c]","[c]"
"New entrant CS","2021","London","London","Female","Heterosexual / straight","5085","[c]","34380","31060"
"New entrant CS","2021","London","London","Female","LGBO","470","[c]","33110","31060"
"New entrant CS","2021","London","London","Female","Undeclared","510","[c]","34690","31060"
"New entrant CS","2021","London","London","Female","Unknown","2615","[c]","34910","31060"
"New entrant CS","2021","London","London","Male","Heterosexual / straight","3475","[c]","36370","31060"
"New entrant CS","2021","London","London","Male","LGBO","465","[c]","35980","31460"
"New entrant CS","2021","London","London","Male","Undeclared","375","[c]","38570","32540"
"New entrant CS","2021","London","London","Male","Unknown","2075","[c]","38430","32540"
"New entrant CS","2021","London","London","Unknown","Heterosexual / straight","20","[c]","[c]","[c]"
"New entrant CS","2021","London","London","Unknown","LGBO","[c]","[c]","[c]","[c]"
"New entrant CS","2021","London","London","Unknown","Undeclared","[c]","[c]","[c]","[c]"
"New entrant CS","2021","London","London","Unknown","Unknown","10","[c]","[c]","[c]"
"New entrant CS","2021","North East (England)","Outside London","Female","Heterosexual / straight","1035","[c]","24540","21010"
"New entrant CS","2021","North East (England)","Outside London","Female","LGBO","95","[c]","24550","21220"
"New entrant CS","2021","North East (England)","Outside London","Female","Undeclared","55","[c]","27780","21430"
"New entrant CS","2021","North East (England)","Outside London","Female","Unknown","555","[c]","23720","21010"
"New entrant CS","2021","North East (England)","Outside London","Male","Heterosexual / straight","890","[c]","25150","21010"
"New entrant CS","2021","North East (England)","Outside London","Male","LGBO","85","[c]","24180","21010"
"New entrant CS","2021","North East (England)","Outside London","Male","Undeclared","50","[c]","26960","21010"
"New entrant CS","2021","North East (England)","Outside London","Male","Unknown","495","[c]","24050","21010"
"New entrant CS","2021","North East (England)","Outside London","Unknown","Heterosexual / straight","[c]","[c]","[c]","[c]"
"New entrant CS","2021","North East (England)","Outside London","Unknown","LGBO","[c]","[c]","[c]","[c]"
"New entrant CS","2021","North East (England)","Outside London","Unknown","Unknown","[c]","[c]","[c]","[c]"
"New entrant CS","2021","North West (England)","Outside London","Female","Heterosexual / straight","1990","[c]","26380","24880"
"New entrant CS","2021","North West (England)","Outside London","Female","LGBO","185","[c]","25490","24940"
"New entrant CS","2021","North West (England)","Outside London","Female","Undeclared","115","[c]","28110","25230"
"New entrant CS","2021","North West (England)","Outside London","Female","Unknown","920","[c]","24750","21430"
"New entrant CS","2021","North West (England)","Outside London","Male","Heterosexual / straight","1610","[c]","27920","25000"
"New entrant CS","2021","North West (England)","Outside London","Male","LGBO","210","[c]","25410","25240"
"New entrant CS","2021","North West (England)","Outside London","Male","Undeclared","105","[c]","28050","24240"
"New entrant CS","2021","North West (England)","Outside London","Male","Unknown","890","[c]","26960","23550"
"New entrant CS","2021","North West (England)","Outside London","Unknown","Heterosexual / straight","[c]","[c]","[c]","[c]"
"New entrant CS","2021","North West (England)","Outside London","Unknown","LGBO","[c]","[c]","[c]","[c]"
"New entrant CS","2021","North West (England)","Outside London","Unknown","Unknown","[c]","[c]","[c]","[c]"
"New entrant CS","2021","Northern Ireland","Outside London","Female","Heterosexual / straight","65","[c]","25500","20310"
"New entrant CS","2021","Northern Ireland","Outside London","Female","LGBO","10","[c]","[c]","[c]"
"New entrant CS","2021","Northern Ireland","Outside London","Female","Undeclared","[c]","[c]","[c]","[c]"
"New entrant CS","2021","Northern Ireland","Outside London","Female","Unknown","80","[c]","23680","20140"
"New entrant CS","2021","Northern Ireland","Outside London","Male","Heterosexual / straight","75","[c]","26010","21430"
"New entrant CS","2021","Northern Ireland","Outside London","Male","LGBO","10","[c]","[c]","[c]"
"New entrant CS","2021","Northern Ireland","Outside London","Male","Undeclared","5","[c]","[c]","[c]"
"New entrant CS","2021","Northern Ireland","Outside London","Male","Unknown","110","[c]","22770","20140"
"New entrant CS","2021","Northern Ireland","Outside London","Unknown","Heterosexual / straight","[c]","[c]","[c]","[c]"
"New entrant CS","2021","Northern Ireland","Outside London","Unknown","LGBO","[c]","[c]","[c]","[c]"
"New entrant CS","2021","Overseas","Overseas","Female","Heterosexual / straight","5","[c]","[c]","[c]"
"New entrant CS","2021","Overseas","Overseas","Female","LGBO","[c]","[c]","[c]","[c]"
"New entrant CS","2021","Overseas","Overseas","Female","Undeclared","[c]","[c]","[c]","[c]"
"New entrant CS","2021","Overseas","Overseas","Female","Unknown","15","[c]","[c]","[c]"
"New entrant CS","2021","Overseas","Overseas","Male","Heterosexual / straight","10","[c]","[c]","[c]"
"New entrant CS","2021","Overseas","Overseas","Male","LGBO","[c]","[c]","[c]","[c]"
"New entrant CS","2021","Overseas","Overseas","Male","Undeclared","[c]","[c]","[c]","[c]"
"New entrant CS","2021","Overseas","Overseas","Male","Unknown","5","[c]","[c]","[c]"
"New entrant CS","2021","Overseas","Overseas","Unknown","Heterosexual / straight","[c]","[c]","[c]","[c]"
"New entrant CS","2021","Overseas","Overseas","Unknown","LGBO","[c]","[c]","[c]","[c]"
"New entrant CS","2021","Scotland","Outside London","Female","Heterosexual / straight","1270","[c]","26940","26160"
"New entrant CS","2021","Scotland","Outside London","Female","LGBO","125","[c]","27910","27570"
"New entrant CS","2021","Scotland","Outside London","Female","Undeclared","130","[c]","25400","20850"
"New entrant CS","2021","Scotland","Outside London","Female","Unknown","945","[c]","28370","24250"
"New entrant CS","2021","Scotland","Outside London","Male","Heterosexual / straight","920","[c]","27590","24910"
"New entrant CS","2021","Scotland","Outside London","Male","LGBO","135","[c]","25780","24880"
"New entrant CS","2021","Scotland","Outside London","Male","Undeclared","105","[c]","29010","23800"
"New entrant CS","2021","Scotland","Outside London","Male","Unknown","865","[c]","27730","21430"
"New entrant CS","2021","Scotland","Outside London","Unknown","Heterosexual / straight","[c]","[c]","[c]","[c]"
"New entrant CS","2021","Scotland","Outside London","Unknown","LGBO","[c]","[c]","[c]","[c]"
"New entrant CS","2021","South East (England)","Outside London","Female","Heterosexual / straight","2105","[c]","27470","27570"
"New entrant CS","2021","South East (England)","Outside London","Female","LGBO","200","[c]","26320","27570"
"New entrant CS","2021","South East (England)","Outside London","Female","Undeclared","145","[c]","27610","27570"
"New entrant CS","2021","South East (England)","Outside London","Female","Unknown","655","[c]","26690","24500"
"New entrant CS","2021","South East (England)","Outside London","Male","Heterosexual / straight","1550","[c]","29130","27570"
"New entrant CS","2021","South East (England)","Outside London","Male","LGBO","170","[c]","27430","27570"
"New entrant CS","2021","South East (England)","Outside London","Male","Undeclared","110","[c]","29820","27570"
"New entrant CS","2021","South East (England)","Outside London","Male","Unknown","680","[c]","27670","25540"
"New entrant CS","2021","South East (England)","Outside London","Unknown","Heterosexual / straight","5","[c]","[c]","[c]"
"New entrant CS","2021","South East (England)","Outside London","Unknown","LGBO","[c]","[c]","[c]","[c]"
"New entrant CS","2021","South East (England)","Outside London","Unknown","Unknown","[c]","[c]","[c]","[c]"
"New entrant CS","2021","South West (England)","Outside London","Female","Heterosexual / straight","1795","[c]","27640","26490"
"New entrant CS","2021","South West (England)","Outside London","Female","LGBO","160","[c]","25940","25930"
"New entrant CS","2021","South West (England)","Outside London","Female","Undeclared","145","[c]","27840","27570"
"New entrant CS","2021","South West (England)","Outside London","Female","Unknown","515","[c]","28580","25480"
"New entrant CS","2021","South West (England)","Outside London","Male","Heterosexual / straight","1525","[c]","30520","27570"
"New entrant CS","2021","South West (England)","Outside London","Male","LGBO","135","[c]","27500","27570"
"New entrant CS","2021","South West (England)","Outside London","Male","Undeclared","100","[c]","32550","27570"
"New entrant CS","2021","South West (England)","Outside London","Male","Unknown","600","[c]","29280","26030"
"New entrant CS","2021","South West (England)","Outside London","Unknown","Heterosexual / straight","[c]","[c]","[c]","[c]"
"New entrant CS","2021","South West (England)","Outside London","Unknown","LGBO","[c]","[c]","[c]","[c]"
"New entrant CS","2021","Unknown","Unknown","Female","Heterosexual / straight","170","[c]","29410","27570"
"New entrant CS","2021","Unknown","Unknown","Female","LGBO","15","[c]","[c]","[c]"
"New entrant CS","2021","Unknown","Unknown","Female","Undeclared","10","[c]","[c]","[c]"
"New entrant CS","2021","Unknown","Unknown","Female","Unknown","325","[c]","34090","28000"
"New entrant CS","2021","Unknown","Unknown","Male","Heterosexual / straight","135","[c]","31730","27570"
"New entrant CS","2021","Unknown","Unknown","Male","LGBO","15","[c]","[c]","[c]"
"New entrant CS","2021","Unknown","Unknown","Male","Undeclared","15","[c]","[c]","[c]"
"New entrant CS","2021","Unknown","Unknown","Male","Unknown","210","[c]","39600","28000"
"New entrant CS","2021","Unknown","Unknown","Unknown","Heterosexual / straight","[c]","[c]","[c]","[c]"
"New entrant CS","2021","Unknown","Unknown","Unknown","LGBO","[c]","[c]","[c]","[c]"
"New entrant CS","2021","Wales","Outside London","Female","Heterosexual / straight","920","[c]","25880","22920"
"New entrant CS","2021","Wales","Outside London","Female","LGBO","100","[c]","24910","23050"
"New entrant CS","2021","Wales","Outside London","Female","Undeclared","50","[c]","25710","22260"
"New entrant CS","2021","Wales","Outside London","Female","Unknown","515","[c]","24130","21590"
"New entrant CS","2021","Wales","Outside London","Male","Heterosexual / straight","715","[c]","26960","22920"
"New entrant CS","2021","Wales","Outside London","Male","LGBO","95","[c]","26300","22920"
"New entrant CS","2021","Wales","Outside London","Male","Undeclared","40","[c]","29160","26130"
"New entrant CS","2021","Wales","Outside London","Male","Unknown","500","[c]","25920","22850"
"New entrant CS","2021","Wales","Outside London","Unknown","Heterosexual / straight","10","[c]","[c]","[c]"
"New entrant CS","2021","Wales","Outside London","Unknown","LGBO","[c]","[c]","[c]","[c]"
"New entrant CS","2021","Wales","Outside London","Unknown","Unknown","10","[c]","[c]","[c]"
"New entrant CS","2021","West Midlands (England)","Outside London","Female","Heterosexual / straight","1285","[c]","27180","27570"
"New entrant CS","2021","West Midlands (England)","Outside London","Female","LGBO","110","[c]","25730","22920"
"New entrant CS","2021","West Midlands (England)","Outside London","Female","Undeclared","70","[c]","28370","27570"
"New entrant CS","2021","West Midlands (England)","Outside London","Female","Unknown","520","[c]","26310","22570"
"New entrant CS","2021","West Midlands (England)","Outside London","Male","Heterosexual / straight","905","[c]","28880","27570"
"New entrant CS","2021","West Midlands (England)","Outside London","Male","LGBO","95","[c]","26000","27280"
"New entrant CS","2021","West Midlands (England)","Outside London","Male","Undeclared","55","[c]","28310","27060"
"New entrant CS","2021","West Midlands (England)","Outside London","Male","Unknown","415","[c]","27650","22850"
"New entrant CS","2021","West Midlands (England)","Outside London","Unknown","Heterosexual / straight","[c]","[c]","[c]","[c]"
"New entrant CS","2021","West Midlands (England)","Outside London","Unknown","LGBO","[c]","[c]","[c]","[c]"
"New entrant CS","2021","Yorkshire and The Humber","Outside London","Female","Heterosexual / straight","1425","[c]","27380","27570"
"New entrant CS","2021","Yorkshire and The Humber","Outside London","Female","LGBO","160","[c]","26240","27540"
"New entrant CS","2021","Yorkshire and The Humber","Outside London","Female","Undeclared","95","[c]","28620","27570"
"New entrant CS","2021","Yorkshire and The Humber","Outside London","Female","Unknown","760","[c]","27490","23440"
"New entrant CS","2021","Yorkshire and The Humber","Outside London","Male","Heterosexual / straight","1115","[c]","28530","27570"
"New entrant CS","2021","Yorkshire and The Humber","Outside London","Male","LGBO","135","[c]","26670","27570"
"New entrant CS","2021","Yorkshire and The Humber","Outside London","Male","Undeclared","65","[c]","29130","27570"
"New entrant CS","2021","Yorkshire and The Humber","Outside London","Male","Unknown","760","[c]","27540","22920"
"New entrant CS","2021","Yorkshire and The Humber","Outside London","Unknown","Heterosexual / straight","[c]","[c]","[c]","[c]"
"New entrant CS","2021","Yorkshire and The Humber","Outside London","Unknown","LGBO","[c]","[c]","[c]","[c]"
"New entrant CS","2021","Yorkshire and The Humber","Outside London","Unknown","Unknown","[c]","[c]","[c]","[c]"
"Notes","Summary figures are suppressed when information relates to less than 5 civil servants for FTE or Headcount, and less than 10 civil servants for median and mean salary (shown as [c]). Zero responses and salaries for less than 30 civil servants have been suppressed for GPDR special category data. FTE figures are not shown for entrants or leavers due to data quality concerns for these groups. Figures are rounded to the nearest 5, or 10 as appropriate.","","","","","","","",""
"Data source","All figures are aggregated from the Cabinet Office Annual Civil Service Employment Survey collection. https://www.gov.uk/government/collections/civil-service-statistics","","","","","","","",""
"Version","Generated on 2023-02-17, with GIT 71a76ea.","","","","","","","",""
"Data column","Description","","","","","","","",""
"Status","Employment status of the civil servants.","","","","","","","",""
"","In post - includes staff that were in post on the reference date (31 March).","","","","","","","",""
"","New entrant CS - includes new entrants to the Civil Service over the year (1 April to 31 March).","","","","","","","",""
"","Leaver CS - includes leavers from the Civil Service over the year (1 April to 31 March). This includes employees who have an Unknown leaving cause.","","","","","","","",""
"","Leaver Dept. - includes leavers from the department over the year (1 April to 31 March), who did not leave the Civil Service.","","","","","","","",""
"","Five organisations do not report when their employees first entered the Civil Service and so entrants data for these organisations is not available . These are as follows: Foreign Commonwealth and Development Office (excl. agencies), Foreign Commonwealth and Development Office Services, Defence Electronics and Components Agency, Scottish Forestry and Forest and Land Scotland. A further three organisations also could not provide entrants data in 2021. These are as follows: Department for International Development, Foreign and Commonwealth Office (excl. agencies) and Royal Fleet Auxiliary.","","","","","","","",""
"Year","Year of data collection (as at 31 March).","","","","","","","",""
"Region_london","Workplace postcode data are used to derive geographical information using the International Territorial Level (ITL) classification standard.","","","","","","","",""
"","Region_london groups the ITL classifications into ""London"", ""Outside London"": all UK regions excluding London, ""Overseas"", and ""Unknown"".","","","","","","","",""
"Region_ITL1","Workplace postcode data are used to derive geographical information using the International Territorial Level (ITL) classification standard.","","","","","","","",""
"","Following the UK's withdrawal from the EU, a new UK-managed international statistical geography - International Territorial Levels (ITL) - was introduced from 1st January 2021, replacing the former NUTS classification. They align with international standards, enabling comparability both over time and internationally. To ensure continued alignment, the ITLs mirror the NUTS system. They also follow a similar review timetable - every three years.","","","","","","","",""
"","ITL 1 divides into Wales, Scotland, Northern Ireland, and the 9 statistical regions of England.","","","","","","","",""
"Sex","Self reported sex.","","","","","","","",""
"","""Unknown"" accounts for employees who were recorded with an unknown sex.","","","","","","","",""
"Sexual_orientation","Self reported sexual orientation.","","","","","","","",""
"","""Undeclared"" accounts for employees who have actively declared that they do not want to disclose their sexual orientation and ""Unknown"" accounts for employees who have not made an active declaration about their sexual orientation.","","","","","","","",""
"Headcount","Total number of civil servants (rounded to nearest 5).","","","","","","","",""
"FTE","Total full-time equivalent (FTE) employment numbers (rounded to nearest 5).","","","","","","","",""
"","FTE figures are not shown for entrants or leavers due to data quality concerns for these groups.","","","","","","","",""
"Mean_salary","Average salary (mean, rounded to nearest 10). For part-time employees, salaries represent the full-time equivalent earnings, while for full-time employees they are the actual annual gross salaries.","","","","","","","",""
"","These figures should be interpreted with caution when the total number of employees in a group is small, as they will tend to show more variability than larger groups (i.e. may be much higher or lower than can be explained by the data shown).","","","","","","","",""
"Median_salary","Median salary (rounded to nearest 10). For part-time employees, salaries represent the full-time equivalent earnings, while for full-time employees they are the actual annual gross salaries.","","","","","","","",""
"","These figures should be interpreted with caution when the total number of employees in a group is small, as they will tend to show more variability than larger groups (i.e. may be much higher or lower than can be explained by the data shown).","","","","","","","",""
