"Status","Year","Disability","Ethnicity","Region_london","Headcount","FTE","Mean_salary","Median_salary"
"In post","2021","Declared disabled","Asian","London","1275","1180","35810","31520"
"In post","2021","Declared disabled","Asian","Outside London","1450","1320","27840","27570"
"In post","2021","Declared disabled","Asian","Overseas","5","5","[c]","[c]"
"In post","2021","Declared disabled","Asian","Unknown","25","25","[c]","[c]"
"In post","2021","Declared disabled","Black","London","1205","1150","33460","31060"
"In post","2021","Declared disabled","Black","Outside London","595","555","29210","27570"
"In post","2021","Declared disabled","Black","Overseas","5","5","[c]","[c]"
"In post","2021","Declared disabled","Black","Unknown","5","5","[c]","[c]"
"In post","2021","Declared disabled","Chinese","London","35","30","36380","31110"
"In post","2021","Declared disabled","Chinese","Outside London","40","40","28560","27880"
"In post","2021","Declared disabled","Chinese","Overseas","[c]","[c]","[c]","[c]"
"In post","2021","Declared disabled","Chinese","Unknown","[c]","[c]","[c]","[c]"
"In post","2021","Declared disabled","Mixed","London","420","400","39090","33640"
"In post","2021","Declared disabled","Mixed","Outside London","755","695","29860","27570"
"In post","2021","Declared disabled","Mixed","Overseas","15","15","[c]","[c]"
"In post","2021","Declared disabled","Mixed","Unknown","5","5","[c]","[c]"
"In post","2021","Declared disabled","Other ethnicity","London","160","155","39730","34650"
"In post","2021","Declared disabled","Other ethnicity","Outside London","190","175","30720","27570"
"In post","2021","Declared disabled","Other ethnicity","Overseas","[c]","[c]","[c]","[c]"
"In post","2021","Declared disabled","Other ethnicity","Unknown","[c]","[c]","[c]","[c]"
"In post","2021","Declared disabled","Undeclared","London","405","380","38050","31880"
"In post","2021","Declared disabled","Undeclared","Outside London","1615","1465","29860","27570"
"In post","2021","Declared disabled","Undeclared","Overseas","15","15","[c]","[c]"
"In post","2021","Declared disabled","Undeclared","Unknown","10","5","[c]","[c]"
"In post","2021","Declared disabled","Unknown","London","250","240","39450","35630"
"In post","2021","Declared disabled","Unknown","Outside London","985","875","29400","27570"
"In post","2021","Declared disabled","Unknown","Overseas","10","10","[c]","[c]"
"In post","2021","Declared disabled","Unknown","Unknown","[c]","[c]","[c]","[c]"
"In post","2021","Declared disabled","White","London","5450","5210","43590","37920"
"In post","2021","Declared disabled","White","Outside London","35305","31970","29480","27570"
"In post","2021","Declared disabled","White","Overseas","170","170","49400","52430"
"In post","2021","Declared disabled","White","Unknown","140","130","31450","27570"
"In post","2021","Declared non-disabled","Asian","London","10670","10075","36860","31800"
"In post","2021","Declared non-disabled","Asian","Outside London","12085","11140","28460","26500"
"In post","2021","Declared non-disabled","Asian","Overseas","125","125","45880","39980"
"In post","2021","Declared non-disabled","Asian","Unknown","130","115","28880","27570"
"In post","2021","Declared non-disabled","Black","London","7675","7430","34570","31060"
"In post","2021","Declared non-disabled","Black","Outside London","4295","4080","29160","27570"
"In post","2021","Declared non-disabled","Black","Overseas","50","50","42160","37500"
"In post","2021","Declared non-disabled","Black","Unknown","45","45","30330","30410"
"In post","2021","Declared non-disabled","Chinese","London","475","465","43440","39830"
"In post","2021","Declared non-disabled","Chinese","Outside London","505","475","30420","26620"
"In post","2021","Declared non-disabled","Chinese","Overseas","10","10","[c]","[c]"
"In post","2021","Declared non-disabled","Chinese","Unknown","[c]","[c]","[c]","[c]"
"In post","2021","Declared non-disabled","Mixed","London","2555","2480","40960","35700"
"In post","2021","Declared non-disabled","Mixed","Outside London","3375","3180","30840","27570"
"In post","2021","Declared non-disabled","Mixed","Overseas","90","90","48410","50940"
"In post","2021","Declared non-disabled","Mixed","Unknown","20","20","[c]","[c]"
"In post","2021","Declared non-disabled","Other ethnicity","London","915","870","40750","34940"
"In post","2021","Declared non-disabled","Other ethnicity","Outside London","885","835","31190","27570"
"In post","2021","Declared non-disabled","Other ethnicity","Overseas","25","25","[c]","[c]"
"In post","2021","Declared non-disabled","Other ethnicity","Unknown","5","5","[c]","[c]"
"In post","2021","Declared non-disabled","Undeclared","London","2150","2030","40330","35050"
"In post","2021","Declared non-disabled","Undeclared","Outside London","6680","6090","30680","27570"
"In post","2021","Declared non-disabled","Undeclared","Overseas","85","85","47400","41760"
"In post","2021","Declared non-disabled","Undeclared","Unknown","20","20","[c]","[c]"
"In post","2021","Declared non-disabled","Unknown","London","1745","1655","43290","36580"
"In post","2021","Declared non-disabled","Unknown","Outside London","7775","7065","29960","27570"
"In post","2021","Declared non-disabled","Unknown","Overseas","45","45","51680","51500"
"In post","2021","Declared non-disabled","Unknown","Unknown","35","30","32910","27570"
"In post","2021","Declared non-disabled","White","London","41100","39510","47710","42410"
"In post","2021","Declared non-disabled","White","Outside London","214440","198185","31510","27570"
"In post","2021","Declared non-disabled","White","Overseas","2135","2125","49920","49870"
"In post","2021","Declared non-disabled","White","Unknown","755","710","33510","27570"
"In post","2021","Undeclared","Asian","London","565","530","36900","31180"
"In post","2021","Undeclared","Asian","Outside London","655","600","28290","27570"
"In post","2021","Undeclared","Asian","Overseas","[c]","[c]","[c]","[c]"
"In post","2021","Undeclared","Asian","Unknown","5","5","[c]","[c]"
"In post","2021","Undeclared","Black","London","510","490","33450","31060"
"In post","2021","Undeclared","Black","Outside London","260","245","29400","27570"
"In post","2021","Undeclared","Black","Overseas","[c]","[c]","[c]","[c]"
"In post","2021","Undeclared","Black","Unknown","[c]","[c]","[c]","[c]"
"In post","2021","Undeclared","Chinese","London","25","25","[c]","[c]"
"In post","2021","Undeclared","Chinese","Outside London","30","30","28510","25570"
"In post","2021","Undeclared","Chinese","Overseas","[c]","[c]","[c]","[c]"
"In post","2021","Undeclared","Chinese","Unknown","[c]","[c]","[c]","[c]"
"In post","2021","Undeclared","Mixed","London","155","150","40760","35090"
"In post","2021","Undeclared","Mixed","Outside London","250","240","30660","27570"
"In post","2021","Undeclared","Mixed","Overseas","[c]","[c]","[c]","[c]"
"In post","2021","Undeclared","Mixed","Unknown","[c]","[c]","[c]","[c]"
"In post","2021","Undeclared","Other ethnicity","London","75","70","45390","39300"
"In post","2021","Undeclared","Other ethnicity","Outside London","100","95","36300","31650"
"In post","2021","Undeclared","Other ethnicity","Overseas","[c]","[c]","[c]","[c]"
"In post","2021","Undeclared","Other ethnicity","Unknown","[c]","[c]","[c]","[c]"
"In post","2021","Undeclared","Undeclared","London","1605","1545","44350","39800"
"In post","2021","Undeclared","Undeclared","Outside London","5665","5345","33390","30980"
"In post","2021","Undeclared","Undeclared","Overseas","85","85","46070","41620"
"In post","2021","Undeclared","Undeclared","Unknown","20","20","[c]","[c]"
"In post","2021","Undeclared","Unknown","London","865","840","42240","36360"
"In post","2021","Undeclared","Unknown","Outside London","1160","1060","30710","28980"
"In post","2021","Undeclared","Unknown","Overseas","[c]","[c]","[c]","[c]"
"In post","2021","Undeclared","White","London","2285","2200","43940","37890"
"In post","2021","Undeclared","White","Outside London","14305","13195","30410","27570"
"In post","2021","Undeclared","White","Overseas","75","75","48390","43920"
"In post","2021","Undeclared","White","Unknown","25","25","[c]","[c]"
"In post","2021","Unknown","Asian","London","1055","1015","40390","35300"
"In post","2021","Unknown","Asian","Outside London","1085","1020","32520","27880"
"In post","2021","Unknown","Asian","Overseas","15","15","[c]","[c]"
"In post","2021","Unknown","Asian","Unknown","5","5","[c]","[c]"
"In post","2021","Unknown","Black","London","570","560","37700","34090"
"In post","2021","Unknown","Black","Outside London","355","340","33220","28100"
"In post","2021","Unknown","Black","Overseas","5","5","[c]","[c]"
"In post","2021","Unknown","Black","Unknown","[c]","[c]","[c]","[c]"
"In post","2021","Unknown","Chinese","London","60","60","47100","41880"
"In post","2021","Unknown","Chinese","Outside London","60","55","37440","30880"
"In post","2021","Unknown","Chinese","Overseas","[c]","[c]","[c]","[c]"
"In post","2021","Unknown","Chinese","Unknown","[c]","[c]","[c]","[c]"
"In post","2021","Unknown","Mixed","London","270","265","42490","39680"
"In post","2021","Unknown","Mixed","Outside London","340","325","33460","29540"
"In post","2021","Unknown","Mixed","Overseas","5","5","[c]","[c]"
"In post","2021","Unknown","Mixed","Unknown","[c]","[c]","[c]","[c]"
"In post","2021","Unknown","Other ethnicity","London","125","120","48250","41500"
"In post","2021","Unknown","Other ethnicity","Outside London","105","95","36920","32770"
"In post","2021","Unknown","Other ethnicity","Overseas","[c]","[c]","[c]","[c]"
"In post","2021","Unknown","Other ethnicity","Unknown","[c]","[c]","[c]","[c]"
"In post","2021","Unknown","Undeclared","London","500","480","45380","41350"
"In post","2021","Unknown","Undeclared","Outside London","1680","1575","35890","33650"
"In post","2021","Unknown","Undeclared","Overseas","10","10","[c]","[c]"
"In post","2021","Unknown","Undeclared","Unknown","[c]","[c]","[c]","[c]"
"In post","2021","Unknown","Unknown","London","12705","12465","42910","36160"
"In post","2021","Unknown","Unknown","Outside London","38590","36545","28820","25560"
"In post","2021","Unknown","Unknown","Overseas","505","505","51790","51500"
"In post","2021","Unknown","Unknown","Unknown","2400","2395","37080","32700"
"In post","2021","Unknown","White","London","4060","3925","47380","41760"
"In post","2021","Unknown","White","Outside London","19860","18535","33470","30160"
"In post","2021","Unknown","White","Overseas","245","245","54740","53500"
"In post","2021","Unknown","White","Unknown","50","50","43360","43480"
"Leaver CS","2021","Declared disabled","Asian","London","60","[c]","34930","31060"
"Leaver CS","2021","Declared disabled","Asian","Outside London","50","[c]","25330","21180"
"Leaver CS","2021","Declared disabled","Asian","Overseas","[c]","[c]","[c]","[c]"
"Leaver CS","2021","Declared disabled","Asian","Unknown","[c]","[c]","[c]","[c]"
"Leaver CS","2021","Declared disabled","Black","London","40","[c]","[c]","[c]"
"Leaver CS","2021","Declared disabled","Black","Outside London","30","[c]","[c]","[c]"
"Leaver CS","2021","Declared disabled","Black","Overseas","[c]","[c]","[c]","[c]"
"Leaver CS","2021","Declared disabled","Black","Unknown","[c]","[c]","[c]","[c]"
"Leaver CS","2021","Declared disabled","Chinese","London","[c]","[c]","[c]","[c]"
"Leaver CS","2021","Declared disabled","Chinese","Outside London","[c]","[c]","[c]","[c]"
"Leaver CS","2021","Declared disabled","Chinese","Overseas","[c]","[c]","[c]","[c]"
"Leaver CS","2021","Declared disabled","Chinese","Unknown","[c]","[c]","[c]","[c]"
"Leaver CS","2021","Declared disabled","Mixed","London","20","[c]","[c]","[c]"
"Leaver CS","2021","Declared disabled","Mixed","Outside London","30","[c]","[c]","[c]"
"Leaver CS","2021","Declared disabled","Mixed","Overseas","[c]","[c]","[c]","[c]"
"Leaver CS","2021","Declared disabled","Mixed","Unknown","[c]","[c]","[c]","[c]"
"Leaver CS","2021","Declared disabled","Other ethnicity","London","5","[c]","[c]","[c]"
"Leaver CS","2021","Declared disabled","Other ethnicity","Outside London","10","[c]","[c]","[c]"
"Leaver CS","2021","Declared disabled","Other ethnicity","Overseas","[c]","[c]","[c]","[c]"
"Leaver CS","2021","Declared disabled","Other ethnicity","Unknown","[c]","[c]","[c]","[c]"
"Leaver CS","2021","Declared disabled","Undeclared","London","25","[c]","[c]","[c]"
"Leaver CS","2021","Declared disabled","Undeclared","Outside London","105","[c]","28220","26890"
"Leaver CS","2021","Declared disabled","Undeclared","Overseas","[c]","[c]","[c]","[c]"
"Leaver CS","2021","Declared disabled","Undeclared","Unknown","[c]","[c]","[c]","[c]"
"Leaver CS","2021","Declared disabled","Unknown","London","10","[c]","[c]","[c]"
"Leaver CS","2021","Declared disabled","Unknown","Outside London","80","[c]","30710","27030"
"Leaver CS","2021","Declared disabled","Unknown","Overseas","[c]","[c]","[c]","[c]"
"Leaver CS","2021","Declared disabled","Unknown","Unknown","[c]","[c]","[c]","[c]"
"Leaver CS","2021","Declared disabled","White","London","290","[c]","40660","33920"
"Leaver CS","2021","Declared disabled","White","Outside London","2195","[c]","27730","25970"
"Leaver CS","2021","Declared disabled","White","Overseas","10","[c]","[c]","[c]"
"Leaver CS","2021","Declared disabled","White","Unknown","10","[c]","[c]","[c]"
"Leaver CS","2021","Declared non-disabled","Asian","London","445","[c]","33180","28670"
"Leaver CS","2021","Declared non-disabled","Asian","Outside London","450","[c]","27940","23410"
"Leaver CS","2021","Declared non-disabled","Asian","Overseas","[c]","[c]","[c]","[c]"
"Leaver CS","2021","Declared non-disabled","Asian","Unknown","10","[c]","[c]","[c]"
"Leaver CS","2021","Declared non-disabled","Black","London","275","[c]","32040","27760"
"Leaver CS","2021","Declared non-disabled","Black","Outside London","180","[c]","28970","24490"
"Leaver CS","2021","Declared non-disabled","Black","Overseas","[c]","[c]","[c]","[c]"
"Leaver CS","2021","Declared non-disabled","Black","Unknown","5","[c]","[c]","[c]"
"Leaver CS","2021","Declared non-disabled","Chinese","London","25","[c]","[c]","[c]"
"Leaver CS","2021","Declared non-disabled","Chinese","Outside London","20","[c]","[c]","[c]"
"Leaver CS","2021","Declared non-disabled","Chinese","Overseas","[c]","[c]","[c]","[c]"
"Leaver CS","2021","Declared non-disabled","Chinese","Unknown","[c]","[c]","[c]","[c]"
"Leaver CS","2021","Declared non-disabled","Mixed","London","115","[c]","35890","31060"
"Leaver CS","2021","Declared non-disabled","Mixed","Outside London","170","[c]","26880","22570"
"Leaver CS","2021","Declared non-disabled","Mixed","Overseas","[c]","[c]","[c]","[c]"
"Leaver CS","2021","Declared non-disabled","Mixed","Unknown","[c]","[c]","[c]","[c]"
"Leaver CS","2021","Declared non-disabled","Other ethnicity","London","50","[c]","41980","35770"
"Leaver CS","2021","Declared non-disabled","Other ethnicity","Outside London","50","[c]","31420","27570"
"Leaver CS","2021","Declared non-disabled","Other ethnicity","Overseas","[c]","[c]","[c]","[c]"
"Leaver CS","2021","Declared non-disabled","Other ethnicity","Unknown","[c]","[c]","[c]","[c]"
"Leaver CS","2021","Declared non-disabled","Undeclared","London","90","[c]","44470","34850"
"Leaver CS","2021","Declared non-disabled","Undeclared","Outside London","315","[c]","29530","26890"
"Leaver CS","2021","Declared non-disabled","Undeclared","Overseas","[c]","[c]","[c]","[c]"
"Leaver CS","2021","Declared non-disabled","Undeclared","Unknown","[c]","[c]","[c]","[c]"
"Leaver CS","2021","Declared non-disabled","Unknown","London","105","[c]","51010","40230"
"Leaver CS","2021","Declared non-disabled","Unknown","Outside London","520","[c]","31620","26890"
"Leaver CS","2021","Declared non-disabled","Unknown","Overseas","[c]","[c]","[c]","[c]"
"Leaver CS","2021","Declared non-disabled","Unknown","Unknown","5","[c]","[c]","[c]"
"Leaver CS","2021","Declared non-disabled","White","London","1845","[c]","46580","39910"
"Leaver CS","2021","Declared non-disabled","White","Outside London","10750","[c]","30250","26600"
"Leaver CS","2021","Declared non-disabled","White","Overseas","35","[c]","[c]","[c]"
"Leaver CS","2021","Declared non-disabled","White","Unknown","35","[c]","42380","32200"
"Leaver CS","2021","Undeclared","Asian","London","30","[c]","[c]","[c]"
"Leaver CS","2021","Undeclared","Asian","Outside London","30","[c]","[c]","[c]"
"Leaver CS","2021","Undeclared","Asian","Overseas","[c]","[c]","[c]","[c]"
"Leaver CS","2021","Undeclared","Asian","Unknown","[c]","[c]","[c]","[c]"
"Leaver CS","2021","Undeclared","Black","London","15","[c]","[c]","[c]"
"Leaver CS","2021","Undeclared","Black","Outside London","10","[c]","[c]","[c]"
"Leaver CS","2021","Undeclared","Black","Overseas","[c]","[c]","[c]","[c]"
"Leaver CS","2021","Undeclared","Black","Unknown","[c]","[c]","[c]","[c]"
"Leaver CS","2021","Undeclared","Chinese","London","[c]","[c]","[c]","[c]"
"Leaver CS","2021","Undeclared","Chinese","Outside London","[c]","[c]","[c]","[c]"
"Leaver CS","2021","Undeclared","Chinese","Overseas","[c]","[c]","[c]","[c]"
"Leaver CS","2021","Undeclared","Chinese","Unknown","[c]","[c]","[c]","[c]"
"Leaver CS","2021","Undeclared","Mixed","London","5","[c]","[c]","[c]"
"Leaver CS","2021","Undeclared","Mixed","Outside London","20","[c]","[c]","[c]"
"Leaver CS","2021","Undeclared","Mixed","Overseas","[c]","[c]","[c]","[c]"
"Leaver CS","2021","Undeclared","Mixed","Unknown","[c]","[c]","[c]","[c]"
"Leaver CS","2021","Undeclared","Other ethnicity","London","[c]","[c]","[c]","[c]"
"Leaver CS","2021","Undeclared","Other ethnicity","Outside London","[c]","[c]","[c]","[c]"
"Leaver CS","2021","Undeclared","Other ethnicity","Overseas","[c]","[c]","[c]","[c]"
"Leaver CS","2021","Undeclared","Other ethnicity","Unknown","[c]","[c]","[c]","[c]"
"Leaver CS","2021","Undeclared","Undeclared","London","80","[c]","42590","40860"
"Leaver CS","2021","Undeclared","Undeclared","Outside London","400","[c]","32540","31770"
"Leaver CS","2021","Undeclared","Undeclared","Overseas","[c]","[c]","[c]","[c]"
"Leaver CS","2021","Undeclared","Undeclared","Unknown","[c]","[c]","[c]","[c]"
"Leaver CS","2021","Undeclared","Unknown","London","50","[c]","38800","34700"
"Leaver CS","2021","Undeclared","Unknown","Outside London","125","[c]","35620","32300"
"Leaver CS","2021","Undeclared","White","London","115","[c]","45570","40640"
"Leaver CS","2021","Undeclared","White","Outside London","845","[c]","29570","26670"
"Leaver CS","2021","Undeclared","White","Overseas","[c]","[c]","[c]","[c]"
"Leaver CS","2021","Undeclared","White","Unknown","[c]","[c]","[c]","[c]"
"Leaver CS","2021","Unknown","Asian","London","60","[c]","34370","32480"
"Leaver CS","2021","Unknown","Asian","Outside London","55","[c]","34430","24120"
"Leaver CS","2021","Unknown","Asian","Overseas","[c]","[c]","[c]","[c]"
"Leaver CS","2021","Unknown","Asian","Unknown","[c]","[c]","[c]","[c]"
"Leaver CS","2021","Unknown","Black","London","25","[c]","[c]","[c]"
"Leaver CS","2021","Unknown","Black","Outside London","20","[c]","[c]","[c]"
"Leaver CS","2021","Unknown","Black","Overseas","[c]","[c]","[c]","[c]"
"Leaver CS","2021","Unknown","Black","Unknown","[c]","[c]","[c]","[c]"
"Leaver CS","2021","Unknown","Chinese","London","[c]","[c]","[c]","[c]"
"Leaver CS","2021","Unknown","Chinese","Outside London","5","[c]","[c]","[c]"
"Leaver CS","2021","Unknown","Chinese","Overseas","[c]","[c]","[c]","[c]"
"Leaver CS","2021","Unknown","Chinese","Unknown","[c]","[c]","[c]","[c]"
"Leaver CS","2021","Unknown","Mixed","London","20","[c]","[c]","[c]"
"Leaver CS","2021","Unknown","Mixed","Outside London","20","[c]","[c]","[c]"
"Leaver CS","2021","Unknown","Mixed","Overseas","[c]","[c]","[c]","[c]"
"Leaver CS","2021","Unknown","Mixed","Unknown","[c]","[c]","[c]","[c]"
"Leaver CS","2021","Unknown","Other ethnicity","London","5","[c]","[c]","[c]"
"Leaver CS","2021","Unknown","Other ethnicity","Outside London","[c]","[c]","[c]","[c]"
"Leaver CS","2021","Unknown","Other ethnicity","Overseas","[c]","[c]","[c]","[c]"
"Leaver CS","2021","Unknown","Other ethnicity","Unknown","[c]","[c]","[c]","[c]"
"Leaver CS","2021","Unknown","Undeclared","London","95","[c]","28070","18200"
"Leaver CS","2021","Unknown","Undeclared","Outside London","215","[c]","29880","25870"
"Leaver CS","2021","Unknown","Unknown","London","1225","[c]","37430","31060"
"Leaver CS","2021","Unknown","Unknown","Outside London","3775","[c]","28380","24430"
"Leaver CS","2021","Unknown","Unknown","Overseas","35","[c]","39430","36960"
"Leaver CS","2021","Unknown","Unknown","Unknown","620","[c]","40020","32030"
"Leaver CS","2021","Unknown","White","London","195","[c]","48500","46690"
"Leaver CS","2021","Unknown","White","Outside London","1200","[c]","34840","30160"
"Leaver CS","2021","Unknown","White","Overseas","45","[c]","39810","36960"
"Leaver CS","2021","Unknown","White","Unknown","[c]","[c]","[c]","[c]"
"Leaver Dept.","2021","Declared disabled","Asian","London","55","[c]","37170","34110"
"Leaver Dept.","2021","Declared disabled","Asian","Outside London","35","[c]","[c]","[c]"
"Leaver Dept.","2021","Declared disabled","Asian","Overseas","[c]","[c]","[c]","[c]"
"Leaver Dept.","2021","Declared disabled","Asian","Unknown","[c]","[c]","[c]","[c]"
"Leaver Dept.","2021","Declared disabled","Black","London","30","[c]","[c]","[c]"
"Leaver Dept.","2021","Declared disabled","Black","Outside London","10","[c]","[c]","[c]"
"Leaver Dept.","2021","Declared disabled","Black","Overseas","[c]","[c]","[c]","[c]"
"Leaver Dept.","2021","Declared disabled","Black","Unknown","[c]","[c]","[c]","[c]"
"Leaver Dept.","2021","Declared disabled","Chinese","London","[c]","[c]","[c]","[c]"
"Leaver Dept.","2021","Declared disabled","Chinese","Outside London","[c]","[c]","[c]","[c]"
"Leaver Dept.","2021","Declared disabled","Chinese","Overseas","[c]","[c]","[c]","[c]"
"Leaver Dept.","2021","Declared disabled","Chinese","Unknown","[c]","[c]","[c]","[c]"
"Leaver Dept.","2021","Declared disabled","Mixed","London","30","[c]","[c]","[c]"
"Leaver Dept.","2021","Declared disabled","Mixed","Outside London","15","[c]","[c]","[c]"
"Leaver Dept.","2021","Declared disabled","Mixed","Overseas","[c]","[c]","[c]","[c]"
"Leaver Dept.","2021","Declared disabled","Mixed","Unknown","[c]","[c]","[c]","[c]"
"Leaver Dept.","2021","Declared disabled","Other ethnicity","London","[c]","[c]","[c]","[c]"
"Leaver Dept.","2021","Declared disabled","Other ethnicity","Outside London","[c]","[c]","[c]","[c]"
"Leaver Dept.","2021","Declared disabled","Other ethnicity","Overseas","[c]","[c]","[c]","[c]"
"Leaver Dept.","2021","Declared disabled","Other ethnicity","Unknown","[c]","[c]","[c]","[c]"
"Leaver Dept.","2021","Declared disabled","Undeclared","London","10","[c]","[c]","[c]"
"Leaver Dept.","2021","Declared disabled","Undeclared","Outside London","20","[c]","[c]","[c]"
"Leaver Dept.","2021","Declared disabled","Undeclared","Overseas","[c]","[c]","[c]","[c]"
"Leaver Dept.","2021","Declared disabled","Undeclared","Unknown","[c]","[c]","[c]","[c]"
"Leaver Dept.","2021","Declared disabled","Unknown","London","5","[c]","[c]","[c]"
"Leaver Dept.","2021","Declared disabled","Unknown","Outside London","5","[c]","[c]","[c]"
"Leaver Dept.","2021","Declared disabled","Unknown","Overseas","[c]","[c]","[c]","[c]"
"Leaver Dept.","2021","Declared disabled","Unknown","Unknown","5","[c]","[c]","[c]"
"Leaver Dept.","2021","Declared disabled","White","London","275","[c]","44170","38970"
"Leaver Dept.","2021","Declared disabled","White","Outside London","450","[c]","30840","27570"
"Leaver Dept.","2021","Declared disabled","White","Overseas","5","[c]","[c]","[c]"
"Leaver Dept.","2021","Declared disabled","White","Unknown","30","[c]","32630","32000"
"Leaver Dept.","2021","Declared non-disabled","Asian","London","430","[c]","39500","34550"
"Leaver Dept.","2021","Declared non-disabled","Asian","Outside London","310","[c]","26530","24890"
"Leaver Dept.","2021","Declared non-disabled","Asian","Overseas","[c]","[c]","[c]","[c]"
"Leaver Dept.","2021","Declared non-disabled","Asian","Unknown","20","[c]","[c]","[c]"
"Leaver Dept.","2021","Declared non-disabled","Black","London","245","[c]","36800","34030"
"Leaver Dept.","2021","Declared non-disabled","Black","Outside London","120","[c]","28260","27570"
"Leaver Dept.","2021","Declared non-disabled","Black","Overseas","[c]","[c]","[c]","[c]"
"Leaver Dept.","2021","Declared non-disabled","Black","Unknown","5","[c]","[c]","[c]"
"Leaver Dept.","2021","Declared non-disabled","Chinese","London","20","[c]","[c]","[c]"
"Leaver Dept.","2021","Declared non-disabled","Chinese","Outside London","5","[c]","[c]","[c]"
"Leaver Dept.","2021","Declared non-disabled","Chinese","Overseas","[c]","[c]","[c]","[c]"
"Leaver Dept.","2021","Declared non-disabled","Chinese","Unknown","[c]","[c]","[c]","[c]"
"Leaver Dept.","2021","Declared non-disabled","Mixed","London","165","[c]","42550","36720"
"Leaver Dept.","2021","Declared non-disabled","Mixed","Outside London","65","[c]","31380","27570"
"Leaver Dept.","2021","Declared non-disabled","Mixed","Overseas","[c]","[c]","[c]","[c]"
"Leaver Dept.","2021","Declared non-disabled","Mixed","Unknown","15","[c]","[c]","[c]"
"Leaver Dept.","2021","Declared non-disabled","Other ethnicity","London","35","[c]","[c]","[c]"
"Leaver Dept.","2021","Declared non-disabled","Other ethnicity","Outside London","15","[c]","[c]","[c]"
"Leaver Dept.","2021","Declared non-disabled","Other ethnicity","Overseas","[c]","[c]","[c]","[c]"
"Leaver Dept.","2021","Declared non-disabled","Other ethnicity","Unknown","[c]","[c]","[c]","[c]"
"Leaver Dept.","2021","Declared non-disabled","Undeclared","London","80","[c]","42120","36820"
"Leaver Dept.","2021","Declared non-disabled","Undeclared","Outside London","65","[c]","30870","27390"
"Leaver Dept.","2021","Declared non-disabled","Undeclared","Overseas","[c]","[c]","[c]","[c]"
"Leaver Dept.","2021","Declared non-disabled","Undeclared","Unknown","[c]","[c]","[c]","[c]"
"Leaver Dept.","2021","Declared non-disabled","Unknown","London","105","[c]","46680","45200"
"Leaver Dept.","2021","Declared non-disabled","Unknown","Outside London","125","[c]","33030","27570"
"Leaver Dept.","2021","Declared non-disabled","Unknown","Overseas","[c]","[c]","[c]","[c]"
"Leaver Dept.","2021","Declared non-disabled","Unknown","Unknown","15","[c]","[c]","[c]"
"Leaver Dept.","2021","Declared non-disabled","White","London","2015","[c]","47230","42220"
"Leaver Dept.","2021","Declared non-disabled","White","Outside London","2860","[c]","31290","27570"
"Leaver Dept.","2021","Declared non-disabled","White","Overseas","40","[c]","[c]","[c]"
"Leaver Dept.","2021","Declared non-disabled","White","Unknown","180","[c]","38970","32000"
"Leaver Dept.","2021","Undeclared","Asian","London","20","[c]","[c]","[c]"
"Leaver Dept.","2021","Undeclared","Asian","Outside London","25","[c]","[c]","[c]"
"Leaver Dept.","2021","Undeclared","Asian","Overseas","[c]","[c]","[c]","[c]"
"Leaver Dept.","2021","Undeclared","Asian","Unknown","[c]","[c]","[c]","[c]"
"Leaver Dept.","2021","Undeclared","Black","London","20","[c]","[c]","[c]"
"Leaver Dept.","2021","Undeclared","Black","Outside London","10","[c]","[c]","[c]"
"Leaver Dept.","2021","Undeclared","Black","Overseas","[c]","[c]","[c]","[c]"
"Leaver Dept.","2021","Undeclared","Black","Unknown","[c]","[c]","[c]","[c]"
"Leaver Dept.","2021","Undeclared","Chinese","London","[c]","[c]","[c]","[c]"
"Leaver Dept.","2021","Undeclared","Chinese","Outside London","[c]","[c]","[c]","[c]"
"Leaver Dept.","2021","Undeclared","Chinese","Overseas","[c]","[c]","[c]","[c]"
"Leaver Dept.","2021","Undeclared","Chinese","Unknown","[c]","[c]","[c]","[c]"
"Leaver Dept.","2021","Undeclared","Mixed","London","10","[c]","[c]","[c]"
"Leaver Dept.","2021","Undeclared","Mixed","Outside London","[c]","[c]","[c]","[c]"
"Leaver Dept.","2021","Undeclared","Mixed","Overseas","[c]","[c]","[c]","[c]"
"Leaver Dept.","2021","Undeclared","Mixed","Unknown","[c]","[c]","[c]","[c]"
"Leaver Dept.","2021","Undeclared","Other ethnicity","London","10","[c]","[c]","[c]"
"Leaver Dept.","2021","Undeclared","Other ethnicity","Outside London","[c]","[c]","[c]","[c]"
"Leaver Dept.","2021","Undeclared","Other ethnicity","Overseas","[c]","[c]","[c]","[c]"
"Leaver Dept.","2021","Undeclared","Other ethnicity","Unknown","[c]","[c]","[c]","[c]"
"Leaver Dept.","2021","Undeclared","Undeclared","London","55","[c]","44340","41270"
"Leaver Dept.","2021","Undeclared","Undeclared","Outside London","75","[c]","31480","27570"
"Leaver Dept.","2021","Undeclared","Undeclared","Overseas","[c]","[c]","[c]","[c]"
"Leaver Dept.","2021","Undeclared","Undeclared","Unknown","[c]","[c]","[c]","[c]"
"Leaver Dept.","2021","Undeclared","Unknown","London","75","[c]","42990","42460"
"Leaver Dept.","2021","Undeclared","Unknown","Outside London","25","[c]","[c]","[c]"
"Leaver Dept.","2021","Undeclared","Unknown","Unknown","[c]","[c]","[c]","[c]"
"Leaver Dept.","2021","Undeclared","White","London","100","[c]","46600","42160"
"Leaver Dept.","2021","Undeclared","White","Outside London","155","[c]","30960","27570"
"Leaver Dept.","2021","Undeclared","White","Overseas","5","[c]","[c]","[c]"
"Leaver Dept.","2021","Undeclared","White","Unknown","10","[c]","[c]","[c]"
"Leaver Dept.","2021","Unknown","Asian","London","40","[c]","40620","39340"
"Leaver Dept.","2021","Unknown","Asian","Outside London","25","[c]","[c]","[c]"
"Leaver Dept.","2021","Unknown","Asian","Overseas","[c]","[c]","[c]","[c]"
"Leaver Dept.","2021","Unknown","Asian","Unknown","[c]","[c]","[c]","[c]"
"Leaver Dept.","2021","Unknown","Black","London","20","[c]","[c]","[c]"
"Leaver Dept.","2021","Unknown","Black","Outside London","15","[c]","[c]","[c]"
"Leaver Dept.","2021","Unknown","Black","Overseas","[c]","[c]","[c]","[c]"
"Leaver Dept.","2021","Unknown","Black","Unknown","[c]","[c]","[c]","[c]"
"Leaver Dept.","2021","Unknown","Chinese","London","[c]","[c]","[c]","[c]"
"Leaver Dept.","2021","Unknown","Chinese","Outside London","[c]","[c]","[c]","[c]"
"Leaver Dept.","2021","Unknown","Chinese","Overseas","[c]","[c]","[c]","[c]"
"Leaver Dept.","2021","Unknown","Chinese","Unknown","[c]","[c]","[c]","[c]"
"Leaver Dept.","2021","Unknown","Mixed","London","10","[c]","[c]","[c]"
"Leaver Dept.","2021","Unknown","Mixed","Outside London","5","[c]","[c]","[c]"
"Leaver Dept.","2021","Unknown","Mixed","Overseas","[c]","[c]","[c]","[c]"
"Leaver Dept.","2021","Unknown","Mixed","Unknown","[c]","[c]","[c]","[c]"
"Leaver Dept.","2021","Unknown","Other ethnicity","London","[c]","[c]","[c]","[c]"
"Leaver Dept.","2021","Unknown","Other ethnicity","Outside London","[c]","[c]","[c]","[c]"
"Leaver Dept.","2021","Unknown","Other ethnicity","Overseas","[c]","[c]","[c]","[c]"
"Leaver Dept.","2021","Unknown","Other ethnicity","Unknown","[c]","[c]","[c]","[c]"
"Leaver Dept.","2021","Unknown","Undeclared","London","50","[c]","41490","37610"
"Leaver Dept.","2021","Unknown","Undeclared","Outside London","70","[c]","36350","36030"
"Leaver Dept.","2021","Unknown","Undeclared","Overseas","[c]","[c]","[c]","[c]"
"Leaver Dept.","2021","Unknown","Unknown","London","1280","[c]","42860","38540"
"Leaver Dept.","2021","Unknown","Unknown","Outside London","1110","[c]","31220","27570"
"Leaver Dept.","2021","Unknown","Unknown","Overseas","35","[c]","[c]","[c]"
"Leaver Dept.","2021","Unknown","Unknown","Unknown","390","[c]","33920","32000"
"Leaver Dept.","2021","Unknown","White","London","155","[c]","48850","45720"
"Leaver Dept.","2021","Unknown","White","Outside London","195","[c]","36430","33280"
"Leaver Dept.","2021","Unknown","White","Overseas","10","[c]","[c]","[c]"
"Leaver Dept.","2021","Unknown","White","Unknown","5","[c]","[c]","[c]"
"New entrant CS","2021","Declared disabled","Asian","London","120","[c]","31690","31060"
"New entrant CS","2021","Declared disabled","Asian","Outside London","155","[c]","27380","27570"
"New entrant CS","2021","Declared disabled","Asian","Overseas","[c]","[c]","[c]","[c]"
"New entrant CS","2021","Declared disabled","Asian","Unknown","5","[c]","[c]","[c]"
"New entrant CS","2021","Declared disabled","Black","London","155","[c]","30530","31060"
"New entrant CS","2021","Declared disabled","Black","Outside London","95","[c]","28620","27570"
"New entrant CS","2021","Declared disabled","Black","Overseas","[c]","[c]","[c]","[c]"
"New entrant CS","2021","Declared disabled","Black","Unknown","[c]","[c]","[c]","[c]"
"New entrant CS","2021","Declared disabled","Chinese","London","[c]","[c]","[c]","[c]"
"New entrant CS","2021","Declared disabled","Chinese","Outside London","[c]","[c]","[c]","[c]"
"New entrant CS","2021","Declared disabled","Chinese","Overseas","[c]","[c]","[c]","[c]"
"New entrant CS","2021","Declared disabled","Chinese","Unknown","[c]","[c]","[c]","[c]"
"New entrant CS","2021","Declared disabled","Mixed","London","65","[c]","31230","31060"
"New entrant CS","2021","Declared disabled","Mixed","Outside London","120","[c]","26480","27570"
"New entrant CS","2021","Declared disabled","Mixed","Overseas","[c]","[c]","[c]","[c]"
"New entrant CS","2021","Declared disabled","Mixed","Unknown","[c]","[c]","[c]","[c]"
"New entrant CS","2021","Declared disabled","Other ethnicity","London","20","[c]","[c]","[c]"
"New entrant CS","2021","Declared disabled","Other ethnicity","Outside London","25","[c]","[c]","[c]"
"New entrant CS","2021","Declared disabled","Other ethnicity","Overseas","[c]","[c]","[c]","[c]"
"New entrant CS","2021","Declared disabled","Other ethnicity","Unknown","[c]","[c]","[c]","[c]"
"New entrant CS","2021","Declared disabled","Undeclared","London","15","[c]","[c]","[c]"
"New entrant CS","2021","Declared disabled","Undeclared","Outside London","60","[c]","25830","27570"
"New entrant CS","2021","Declared disabled","Undeclared","Overseas","[c]","[c]","[c]","[c]"
"New entrant CS","2021","Declared disabled","Undeclared","Unknown","[c]","[c]","[c]","[c]"
"New entrant CS","2021","Declared disabled","Unknown","London","25","[c]","[c]","[c]"
"New entrant CS","2021","Declared disabled","Unknown","Outside London","55","[c]","25980","25660"
"New entrant CS","2021","Declared disabled","Unknown","Overseas","[c]","[c]","[c]","[c]"
"New entrant CS","2021","Declared disabled","Unknown","Unknown","[c]","[c]","[c]","[c]"
"New entrant CS","2021","Declared disabled","White","London","540","[c]","34170","31060"
"New entrant CS","2021","Declared disabled","White","Outside London","2505","[c]","26240","27570"
"New entrant CS","2021","Declared disabled","White","Overseas","[c]","[c]","[c]","[c]"
"New entrant CS","2021","Declared disabled","White","Unknown","35","[c]","28640","27570"
"New entrant CS","2021","Declared non-disabled","Asian","London","1390","[c]","33220","31060"
"New entrant CS","2021","Declared non-disabled","Asian","Outside London","1770","[c]","26720","27570"
"New entrant CS","2021","Declared non-disabled","Asian","Overseas","[c]","[c]","[c]","[c]"
"New entrant CS","2021","Declared non-disabled","Asian","Unknown","35","[c]","28790","27570"
"New entrant CS","2021","Declared non-disabled","Black","London","1230","[c]","31220","31060"
"New entrant CS","2021","Declared non-disabled","Black","Outside London","845","[c]","27370","27570"
"New entrant CS","2021","Declared non-disabled","Black","Overseas","[c]","[c]","[c]","[c]"
"New entrant CS","2021","Declared non-disabled","Black","Unknown","15","[c]","[c]","[c]"
"New entrant CS","2021","Declared non-disabled","Chinese","London","50","[c]","36250","32320"
"New entrant CS","2021","Declared non-disabled","Chinese","Outside London","45","[c]","26040","25540"
"New entrant CS","2021","Declared non-disabled","Chinese","Overseas","[c]","[c]","[c]","[c]"
"New entrant CS","2021","Declared non-disabled","Chinese","Unknown","[c]","[c]","[c]","[c]"
"New entrant CS","2021","Declared non-disabled","Mixed","London","460","[c]","33510","31060"
"New entrant CS","2021","Declared non-disabled","Mixed","Outside London","650","[c]","26620","27570"
"New entrant CS","2021","Declared non-disabled","Mixed","Overseas","[c]","[c]","[c]","[c]"
"New entrant CS","2021","Declared non-disabled","Mixed","Unknown","5","[c]","[c]","[c]"
"New entrant CS","2021","Declared non-disabled","Other ethnicity","London","125","[c]","32920","31060"
"New entrant CS","2021","Declared non-disabled","Other ethnicity","Outside London","140","[c]","27850","27570"
"New entrant CS","2021","Declared non-disabled","Other ethnicity","Overseas","[c]","[c]","[c]","[c]"
"New entrant CS","2021","Declared non-disabled","Other ethnicity","Unknown","[c]","[c]","[c]","[c]"
"New entrant CS","2021","Declared non-disabled","Undeclared","London","145","[c]","33890","31060"
"New entrant CS","2021","Declared non-disabled","Undeclared","Outside London","265","[c]","27940","27570"
"New entrant CS","2021","Declared non-disabled","Undeclared","Overseas","[c]","[c]","[c]","[c]"
"New entrant CS","2021","Declared non-disabled","Undeclared","Unknown","[c]","[c]","[c]","[c]"
"New entrant CS","2021","Declared non-disabled","Unknown","London","65","[c]","36180","32720"
"New entrant CS","2021","Declared non-disabled","Unknown","Outside London","210","[c]","28770","24410"
"New entrant CS","2021","Declared non-disabled","Unknown","Overseas","5","[c]","[c]","[c]"
"New entrant CS","2021","Declared non-disabled","Unknown","Unknown","[c]","[c]","[c]","[c]"
"New entrant CS","2021","Declared non-disabled","White","London","4245","[c]","36910","32330"
"New entrant CS","2021","Declared non-disabled","White","Outside London","18495","[c]","27060","25560"
"New entrant CS","2021","Declared non-disabled","White","Overseas","15","[c]","[c]","[c]"
"New entrant CS","2021","Declared non-disabled","White","Unknown","215","[c]","29940","27570"
"New entrant CS","2021","Undeclared","Asian","London","75","[c]","35900","31060"
"New entrant CS","2021","Undeclared","Asian","Outside London","85","[c]","28200","27570"
"New entrant CS","2021","Undeclared","Asian","Overseas","[c]","[c]","[c]","[c]"
"New entrant CS","2021","Undeclared","Asian","Unknown","[c]","[c]","[c]","[c]"
"New entrant CS","2021","Undeclared","Black","London","60","[c]","31990","31060"
"New entrant CS","2021","Undeclared","Black","Outside London","35","[c]","26450","27570"
"New entrant CS","2021","Undeclared","Black","Overseas","[c]","[c]","[c]","[c]"
"New entrant CS","2021","Undeclared","Black","Unknown","[c]","[c]","[c]","[c]"
"New entrant CS","2021","Undeclared","Chinese","London","[c]","[c]","[c]","[c]"
"New entrant CS","2021","Undeclared","Chinese","Outside London","5","[c]","[c]","[c]"
"New entrant CS","2021","Undeclared","Chinese","Overseas","[c]","[c]","[c]","[c]"
"New entrant CS","2021","Undeclared","Chinese","Unknown","[c]","[c]","[c]","[c]"
"New entrant CS","2021","Undeclared","Mixed","London","25","[c]","[c]","[c]"
"New entrant CS","2021","Undeclared","Mixed","Outside London","35","[c]","26790","27570"
"New entrant CS","2021","Undeclared","Mixed","Overseas","[c]","[c]","[c]","[c]"
"New entrant CS","2021","Undeclared","Mixed","Unknown","[c]","[c]","[c]","[c]"
"New entrant CS","2021","Undeclared","Other ethnicity","London","10","[c]","[c]","[c]"
"New entrant CS","2021","Undeclared","Other ethnicity","Outside London","10","[c]","[c]","[c]"
"New entrant CS","2021","Undeclared","Other ethnicity","Overseas","[c]","[c]","[c]","[c]"
"New entrant CS","2021","Undeclared","Other ethnicity","Unknown","[c]","[c]","[c]","[c]"
"New entrant CS","2021","Undeclared","Undeclared","London","125","[c]","39690","32320"
"New entrant CS","2021","Undeclared","Undeclared","Outside London","200","[c]","29440","27570"
"New entrant CS","2021","Undeclared","Undeclared","Overseas","[c]","[c]","[c]","[c]"
"New entrant CS","2021","Undeclared","Undeclared","Unknown","5","[c]","[c]","[c]"
"New entrant CS","2021","Undeclared","Unknown","London","170","[c]","38810","34710"
"New entrant CS","2021","Undeclared","Unknown","Outside London","50","[c]","31940","29770"
"New entrant CS","2021","Undeclared","White","London","235","[c]","37580","32350"
"New entrant CS","2021","Undeclared","White","Outside London","760","[c]","27350","26550"
"New entrant CS","2021","Undeclared","White","Overseas","[c]","[c]","[c]","[c]"
"New entrant CS","2021","Undeclared","White","Unknown","5","[c]","[c]","[c]"
"New entrant CS","2021","Unknown","Asian","London","215","[c]","34940","31060"
"New entrant CS","2021","Unknown","Asian","Outside London","250","[c]","31340","26970"
"New entrant CS","2021","Unknown","Asian","Overseas","[c]","[c]","[c]","[c]"
"New entrant CS","2021","Unknown","Asian","Unknown","[c]","[c]","[c]","[c]"
"New entrant CS","2021","Unknown","Black","London","130","[c]","33530","32190"
"New entrant CS","2021","Unknown","Black","Outside London","90","[c]","32000","27350"
"New entrant CS","2021","Unknown","Black","Overseas","[c]","[c]","[c]","[c]"
"New entrant CS","2021","Unknown","Black","Unknown","[c]","[c]","[c]","[c]"
"New entrant CS","2021","Unknown","Chinese","London","10","[c]","[c]","[c]"
"New entrant CS","2021","Unknown","Chinese","Outside London","10","[c]","[c]","[c]"
"New entrant CS","2021","Unknown","Chinese","Overseas","[c]","[c]","[c]","[c]"
"New entrant CS","2021","Unknown","Chinese","Unknown","[c]","[c]","[c]","[c]"
"New entrant CS","2021","Unknown","Mixed","London","85","[c]","36710","32790"
"New entrant CS","2021","Unknown","Mixed","Outside London","95","[c]","30310","25560"
"New entrant CS","2021","Unknown","Mixed","Overseas","[c]","[c]","[c]","[c]"
"New entrant CS","2021","Unknown","Mixed","Unknown","[c]","[c]","[c]","[c]"
"New entrant CS","2021","Unknown","Other ethnicity","London","25","[c]","[c]","[c]"
"New entrant CS","2021","Unknown","Other ethnicity","Outside London","15","[c]","[c]","[c]"
"New entrant CS","2021","Unknown","Other ethnicity","Overseas","[c]","[c]","[c]","[c]"
"New entrant CS","2021","Unknown","Other ethnicity","Unknown","[c]","[c]","[c]","[c]"
"New entrant CS","2021","Unknown","Undeclared","London","90","[c]","27040","22160"
"New entrant CS","2021","Unknown","Undeclared","Outside London","75","[c]","31980","28190"
"New entrant CS","2021","Unknown","Unknown","London","4335","[c]","36520","31060"
"New entrant CS","2021","Unknown","Unknown","Outside London","11355","[c]","26390","22850"
"New entrant CS","2021","Unknown","Unknown","Overseas","15","[c]","[c]","[c]"
"New entrant CS","2021","Unknown","Unknown","Unknown","535","[c]","37060","28000"
"New entrant CS","2021","Unknown","White","London","875","[c]","38960","33570"
"New entrant CS","2021","Unknown","White","Outside London","2640","[c]","30470","27370"
"New entrant CS","2021","Unknown","White","Overseas","[c]","[c]","[c]","[c]"
"New entrant CS","2021","Unknown","White","Unknown","5","[c]","[c]","[c]"
"Notes","Summary figures are suppressed when information relates to less than 5 civil servants for FTE or Headcount, and less than 10 civil servants for median and mean salary (shown as [c]). Zero responses and salaries for less than 30 civil servants have been suppressed for GPDR special category data. FTE figures are not shown for entrants or leavers due to data quality concerns for these groups. Figures are rounded to the nearest 5, or £10 as appropriate.","","","","","","",""
"Data source","All figures are aggregated from the Cabinet Office Annual Civil Service Employment Survey collection. https://www.gov.uk/government/collections/civil-service-statistics","","","","","","",""
"Version","Generated on 2023-02-14, with GIT 71a76ea.","","","","","","",""
"Data column","Description","","","","","","",""
"Status","Employment status of the civil servants.","","","","","","",""
"","In post - includes staff that were in post on the reference date (31 March).","","","","","","",""
"","New entrant CS - includes new entrants to the Civil Service over the year (1 April to 31 March).","","","","","","",""
"","Leaver CS - includes leavers from the Civil Service over the year (1 April to 31 March). This includes employees who have an Unknown leaving cause.","","","","","","",""
"","Leaver Dept. - includes leavers from the department over the year (1 April to 31 March), who did not leave the Civil Service.","","","","","","",""
"","Five organisations do not report when their employees first entered the Civil Service and so entrants data for these organisations is not available . These are as follows: Foreign Commonwealth and Development Office (excl. agencies), Foreign Commonwealth and Development Office Services, Defence Electronics and Components Agency, Scottish Forestry and Forest and Land Scotland. A further three organisations also could not provide entrants data in 2021. These are as follows: Department for International Development, Foreign and Commonwealth Office (excl. agencies) and Royal Fleet Auxiliary.","","","","","","",""
"Year","Year of data collection (as at 31 March).","","","","","","",""
"Region_london","Workplace postcode data are used to derive geographical information using the International Territorial Level (ITL) classification standard.","","","","","","",""
"","Region_london groups the ITL classifications into ""London"", ""Outside London"": all UK regions excluding London, ""Overseas"", and ""Unknown"".","","","","","","",""
"Ethnicity","Self reported ethnicity. ""Undeclared"" accounts for employees who have actively declared that they do not want to disclose their ethnicity and ""Unknown"" accounts for employees who have not made an active declaration about their ethnicity.","","","","","","",""
"","For consistency with Civil Service Statistics, 'Chinese' is shown separately in the 2021 figures, but counted within 'Asian' from 2022 onwards.","","","","","","",""
"Disability","Self reported disability.","","","","","","",""
"","""Undeclared"" accounts for employees who have actively declared that they do not want to disclose their disability status and ""Unknown"" accounts for employees who have not made an active declaration about their disability status.","","","","","","",""
"Headcount","Total number of civil servants (rounded to nearest 5).","","","","","","",""
"FTE","Total full-time equivalent (FTE) employment numbers (rounded to nearest 5).","","","","","","",""
"","FTE figures are not shown for entrants or leavers due to data quality concerns for these groups.","","","","","","",""
"Mean_salary","Average salary (mean, rounded to nearest £10). For part-time employees, salaries represent the full-time equivalent earnings, while for full-time employees they are the actual annual gross salaries.","","","","","","",""
"","These figures should be interpreted with caution when the total number of employees in a group is small, as they will tend to show more variability than larger groups (i.e. may be much higher or lower than can be explained by the data shown).","","","","","","",""
"Median_salary","Median salary (rounded to nearest £10). For part-time employees, salaries represent the full-time equivalent earnings, while for full-time employees they are the actual annual gross salaries.","","","","","","",""
"","These figures should be interpreted with caution when the total number of employees in a group is small, as they will tend to show more variability than larger groups (i.e. may be much higher or lower than can be explained by the data shown).","","","","","","",""
